"FolderName","FullPath","Status","FileCount"
"1414281327-FILIUS NELSON","\\bkofficesa.file.core.windows.net\public\IT Temp\Synergy Export\1414281327-FILIUS NELSON","Has Files","1"
"1447892009-11 COTTAGE PLACE LLC","\\bkofficesa.file.core.windows.net\public\IT Temp\Synergy Export\1447892009-11 COTTAGE PLACE LLC","Has Files","1"
"1447893825-1421 DEKALB AVENUE LLC","\\bkofficesa.file.core.windows.net\public\IT Temp\Synergy Export\1447893825-1421 DEKALB AVENUE LLC","Has Files","1"
"1414264307-JENNY MO JIM","\\bkofficesa.file.core.windows.net\public\IT Temp\Synergy Export\1414264307-JENNY MO JIM","Not Found","0"
"1414275923-989 BLVD EAST LLC","\\bkofficesa.file.core.windows.net\public\IT Temp\Synergy Export\1414275923-989 BLVD EAST LLC","Not Found","0"
"1414259240-NEW HOPE PROPERTIES LLC","\\bkofficesa.file.core.windows.net\public\IT Temp\Synergy Export\1414259240-NEW HOPE PROPERTIES LLC","Not Found","0"
"1414267441-156 RUSSELL ST LLC","\\bkofficesa.file.core.windows.net\public\IT Temp\Synergy Export\1414267441-156 RUSSELL ST LLC","Not Found","0"
"1447894997-CHAUNCEY BROWNSTONE LLC","\\bkofficesa.file.core.windows.net\public\IT Temp\Synergy Export\1447894997-CHAUNCEY BROWNSTONE LLC","Not Found","0"
"1414278836-SHERLOCK NORVILLE","\\bkofficesa.file.core.windows.net\public\IT Temp\Synergy Export\1414278836-SHERLOCK NORVILLE","Not Found","0"
"1414263788-NIKOLLA HOLDINGS CORP","\\bkofficesa.file.core.windows.net\public\IT Temp\Synergy Export\1414263788-NIKOLLA HOLDINGS CORP","Not Found","0"
"1447919018-EVERGREEN REALTY LLC","\\bkofficesa.file.core.windows.net\public\IT Temp\Synergy Export\1447919018-EVERGREEN REALTY LLC","Has Files","1"
"1464017688-518 CO LLC","\\bkofficesa.file.core.windows.net\public\IT Temp\Synergy Export\1464017688-518 CO LLC","Has Files","1"
"1447892066-J R 168 REALTY INC","\\bkofficesa.file.core.windows.net\public\IT Temp\Synergy Export\1447892066-J R 168 REALTY INC","Has Files","1"
"1464016599-992 RUTLAND RD LLC","\\bkofficesa.file.core.windows.net\public\IT Temp\Synergy Export\1464016599-992 RUTLAND RD LLC","Has Files","1"
"1447900422-DEBORAH FERRIOLO","\\bkofficesa.file.core.windows.net\public\IT Temp\Synergy Export\1447900422-DEBORAH FERRIOLO","Not Found","0"
"1414266542-881 LLC","\\bkofficesa.file.core.windows.net\public\IT Temp\Synergy Export\1414266542-881 LLC","Has Files","1"
"1447903319-2559 ESTATES LLC","\\bkofficesa.file.core.windows.net\public\IT Temp\Synergy Export\1447903319-2559 ESTATES LLC","Not Found","0"
"1414198414-451 PINE INC.","\\bkofficesa.file.core.windows.net\public\IT Temp\Synergy Export\1414198414-451 PINE INC.","Has Files","1"
"1414272300-SERENITY SPRING INC","\\bkofficesa.file.core.windows.net\public\IT Temp\Synergy Export\1414272300-SERENITY SPRING INC","Not Found","0"
"1414277556-JENNIE FICANO REVOCABLE","\\bkofficesa.file.core.windows.net\public\IT Temp\Synergy Export\1414277556-JENNIE FICANO REVOCABLE","Not Found","0"
"1414212710-137 E 15TH STREET CORP.","\\bkofficesa.file.core.windows.net\public\IT Temp\Synergy Export\1414212710-137 E 15TH STREET CORP.","Not Found","0"
"1414264034-1906 8TH AVENUE INC","\\bkofficesa.file.core.windows.net\public\IT Temp\Synergy Export\1414264034-1906 8TH AVENUE INC","Not Found","0"
"1447921402-3529 BRUCKNER BLVD LLC","\\bkofficesa.file.core.windows.net\public\IT Temp\Synergy Export\1447921402-3529 BRUCKNER BLVD LLC","Has Files","1"
"1447897602-49 WEST 9TH STREET CORP","\\bkofficesa.file.core.windows.net\public\IT Temp\Synergy Export\1447897602-49 WEST 9TH STREET CORP","Has Files","1"
"1447919679-HOJO HOUSES INC","\\bkofficesa.file.core.windows.net\public\IT Temp\Synergy Export\1447919679-HOJO HOUSES INC","Has Files","1"
"1414223543-28 EAST 17 PROPERTIES L","\\bkofficesa.file.core.windows.net\public\IT Temp\Synergy Export\1414223543-28 EAST 17 PROPERTIES L","Has Files","2"
"1414267557-F C A AND V LLC","\\bkofficesa.file.core.windows.net\public\IT Temp\Synergy Export\1414267557-F C A AND V LLC","Has Files","1"
"1447898691-P SQ GROUP LLC","\\bkofficesa.file.core.windows.net\public\IT Temp\Synergy Export\1447898691-P SQ GROUP LLC","Not Found","0"
"1414270114-NEW HOPE PROPERTIES LLC","\\bkofficesa.file.core.windows.net\public\IT Temp\Synergy Export\1414270114-NEW HOPE PROPERTIES LLC","Not Found","0"
"1414224681-JOSEPH LAFORTE 2015 REV","\\bkofficesa.file.core.windows.net\public\IT Temp\Synergy Export\1414224681-JOSEPH LAFORTE 2015 REV","Not Found","0"
"1414224780-11TH ST. ASSOCS LLC","\\bkofficesa.file.core.windows.net\public\IT Temp\Synergy Export\1414224780-11TH ST. ASSOCS LLC","Has Files","1"
"1447901412-GHEORGHE TILNEAC","\\bkofficesa.file.core.windows.net\public\IT Temp\Synergy Export\1447901412-GHEORGHE TILNEAC","Not Found","0"
"1414186864-CESAR H CID","\\bkofficesa.file.core.windows.net\public\IT Temp\Synergy Export\1414186864-CESAR H CID","Not Found","0"
"1447895275-LUCKY APEX INC","\\bkofficesa.file.core.windows.net\public\IT Temp\Synergy Export\1447895275-LUCKY APEX INC","Not Found","0"
"1414237857-FORDE A. COPPIN","\\bkofficesa.file.core.windows.net\public\IT Temp\Synergy Export\1414237857-FORDE A. COPPIN","Has Files","2"
"1447921816-JOANNA LLC","\\bkofficesa.file.core.windows.net\public\IT Temp\Synergy Export\1447921816-JOANNA LLC","Not Found","0"
"1447921725-THM COOP BORROWER LLC","\\bkofficesa.file.core.windows.net\public\IT Temp\Synergy Export\1447921725-THM COOP BORROWER LLC","Has Files","1"
"1414257897-507 ONDERDONK AVENUE LL","\\bkofficesa.file.core.windows.net\public\IT Temp\Synergy Export\1414257897-507 ONDERDONK AVENUE LL","Not Found","0"
"1414230779-CLAWA LLC","\\bkofficesa.file.core.windows.net\public\IT Temp\Synergy Export\1414230779-CLAWA LLC","Not Found","0"
"1414220689-NJSD REALTY LLC","\\bkofficesa.file.core.windows.net\public\IT Temp\Synergy Export\1414220689-NJSD REALTY LLC","Not Found","0"
"1414229714-KENNETH J. LEWIS","\\bkofficesa.file.core.windows.net\public\IT Temp\Synergy Export\1414229714-KENNETH J. LEWIS","Not Found","0"
"1464016490-RAFAEL GAMBA","\\bkofficesa.file.core.windows.net\public\IT Temp\Synergy Export\1464016490-RAFAEL GAMBA","Has Files","1"
"1447894203-AY 3191 LLC","\\bkofficesa.file.core.windows.net\public\IT Temp\Synergy Export\1447894203-AY 3191 LLC","Has Files","1"
"1414266385-DOUBLE YUEN INC","\\bkofficesa.file.core.windows.net\public\IT Temp\Synergy Export\1414266385-DOUBLE YUEN INC","Not Found","0"
"1414276723-YLPK RENTAL INC.","\\bkofficesa.file.core.windows.net\public\IT Temp\Synergy Export\1414276723-YLPK RENTAL INC.","Not Found","0"
"1447917012-CENTRAL BAYPORT LLC","\\bkofficesa.file.core.windows.net\public\IT Temp\Synergy Export\1447917012-CENTRAL BAYPORT LLC","Has Files","1"
"1414275097-506 CLINTON AVE LLC","\\bkofficesa.file.core.windows.net\public\IT Temp\Synergy Export\1414275097-506 CLINTON AVE LLC","Has Files","2"
"1414268456-1745/7 LEXINGTON HOLDIN","\\bkofficesa.file.core.windows.net\public\IT Temp\Synergy Export\1414268456-1745\7 LEXINGTON HOLDIN","Not Found","0"
"1447920834-S&A REALTY MANAGEMENT C","\\bkofficesa.file.core.windows.net\public\IT Temp\Synergy Export\1447920834-S&A REALTY MANAGEMENT C","Has Files","2"
"1447897073-NES 43 LLC","\\bkofficesa.file.core.windows.net\public\IT Temp\Synergy Export\1447897073-NES 43 LLC","Not Found","0"
"1414277549-NARESHWER PANCHAM","\\bkofficesa.file.core.windows.net\public\IT Temp\Synergy Export\1414277549-NARESHWER PANCHAM","Not Found","0"
"1414264570-4723 8TH AVE, LLC","\\bkofficesa.file.core.windows.net\public\IT Temp\Synergy Export\1414264570-4723 8TH AVE, LLC","Not Found","0"
"1447916741-225 EAST 83RD STREET LL","\\bkofficesa.file.core.windows.net\public\IT Temp\Synergy Export\1447916741-225 EAST 83RD STREET LL","Has Files","1"
"1464017183-THE PROMISED LAND RLTY","\\bkofficesa.file.core.windows.net\public\IT Temp\Synergy Export\1464017183-THE PROMISED LAND RLTY","Not Found","0"
"1447916956-COLUMBUS 104 LLC","\\bkofficesa.file.core.windows.net\public\IT Temp\Synergy Export\1447916956-COLUMBUS 104 LLC","Has Files","1"
"1464017530-17 ROSLYN DRIVE LLC","\\bkofficesa.file.core.windows.net\public\IT Temp\Synergy Export\1464017530-17 ROSLYN DRIVE LLC","Not Found","0"
"1414273076-SUNNYSIDE 11 PROPERTY L","\\bkofficesa.file.core.windows.net\public\IT Temp\Synergy Export\1414273076-SUNNYSIDE 11 PROPERTY L","Not Found","0"
"1414226140-1512 LLC","\\bkofficesa.file.core.windows.net\public\IT Temp\Synergy Export\1414226140-1512 LLC","Has Files","3"
"1414277390-561 SENECA LLC","\\bkofficesa.file.core.windows.net\public\IT Temp\Synergy Export\1414277390-561 SENECA LLC","Not Found","0"
"1414226306-611 W 176TH ST REALTY L","\\bkofficesa.file.core.windows.net\public\IT Temp\Synergy Export\1414226306-611 W 176TH ST REALTY L","Has Files","1"
"1447892173-THE BROWNSTONE AT 1326","\\bkofficesa.file.core.windows.net\public\IT Temp\Synergy Export\1447892173-THE BROWNSTONE AT 1326","Has Files","1"
"1447923945-FU FAMILY LLC","\\bkofficesa.file.core.windows.net\public\IT Temp\Synergy Export\1447923945-FU FAMILY LLC","Has Files","4"
"1447898006-JEAN E.  FAROUL","\\bkofficesa.file.core.windows.net\public\IT Temp\Synergy Export\1447898006-JEAN E.  FAROUL","Has Files","1"
"1414263895-HOCHBERG PROPERTIES LLC","\\bkofficesa.file.core.windows.net\public\IT Temp\Synergy Export\1414263895-HOCHBERG PROPERTIES LLC","Not Found","0"
"1414279347-MELANBRI ENTERPRISE LLC","\\bkofficesa.file.core.windows.net\public\IT Temp\Synergy Export\1414279347-MELANBRI ENTERPRISE LLC","Not Found","0"
"1447903608-JAM PARK INC","\\bkofficesa.file.core.windows.net\public\IT Temp\Synergy Export\1447903608-JAM PARK INC","Not Found","0"
"1414279305-398 BEACH 13 LLC","\\bkofficesa.file.core.windows.net\public\IT Temp\Synergy Export\1414279305-398 BEACH 13 LLC","Not Found","0"
"1414279719-FJJ PROPERTIES, INC.","\\bkofficesa.file.core.windows.net\public\IT Temp\Synergy Export\1414279719-FJJ PROPERTIES, INC.","Has Files","4"
"1447922210-ATLANTIC Z APTS LLC","\\bkofficesa.file.core.windows.net\public\IT Temp\Synergy Export\1447922210-ATLANTIC Z APTS LLC","Has Files","2"
"1414225720-415 WEST 44TH ST.  LLC","\\bkofficesa.file.core.windows.net\public\IT Temp\Synergy Export\1414225720-415 WEST 44TH ST.  LLC","Has Files","1"
"1447920008-1616 PRESIDENT STREET A","\\bkofficesa.file.core.windows.net\public\IT Temp\Synergy Export\1447920008-1616 PRESIDENT STREET A","Has Files","1"
"1447923879-MAJAK REALTY  LLC","\\bkofficesa.file.core.windows.net\public\IT Temp\Synergy Export\1447923879-MAJAK REALTY  LLC","Has Files","1"
"1414240307-JOSE REMACHE","\\bkofficesa.file.core.windows.net\public\IT Temp\Synergy Export\1414240307-JOSE REMACHE","Not Found","0"
"1414262517-NANTSIS MANAGMENT INC","\\bkofficesa.file.core.windows.net\public\IT Temp\Synergy Export\1414262517-NANTSIS MANAGMENT INC","Not Found","0"
"1414269694-2 SONS M & K LLC","\\bkofficesa.file.core.windows.net\public\IT Temp\Synergy Export\1414269694-2 SONS M & K LLC","Not Found","0"
"1414262715-ANNI LLC","\\bkofficesa.file.core.windows.net\public\IT Temp\Synergy Export\1414262715-ANNI LLC","Not Found","0"
"1447917939-397 E 49TH ST LLC","\\bkofficesa.file.core.windows.net\public\IT Temp\Synergy Export\1447917939-397 E 49TH ST LLC","Has Files","2"
"1414276525-VILLA NY LLC","\\bkofficesa.file.core.windows.net\public\IT Temp\Synergy Export\1414276525-VILLA NY LLC","Not Found","0"
"1447916964-1218 W REALTY LLC","\\bkofficesa.file.core.windows.net\public\IT Temp\Synergy Export\1447916964-1218 W REALTY LLC","Not Found","0"
"1414259976-WILLIAM J. CHAN","\\bkofficesa.file.core.windows.net\public\IT Temp\Synergy Export\1414259976-WILLIAM J. CHAN","Not Found","0"
"1447903152-T.K.H. INC.","\\bkofficesa.file.core.windows.net\public\IT Temp\Synergy Export\1447903152-T.K.H. INC.","Has Files","1"
"1414266963-7W123 LLC","\\bkofficesa.file.core.windows.net\public\IT Temp\Synergy Export\1414266963-7W123 LLC","Has Files","1"
"1464014966-1723 HARMAN STREET LLC","\\bkofficesa.file.core.windows.net\public\IT Temp\Synergy Export\1464014966-1723 HARMAN STREET LLC","Has Files","3"
"1414216208-NOTARO REALTY COMPANY L","\\bkofficesa.file.core.windows.net\public\IT Temp\Synergy Export\1414216208-NOTARO REALTY COMPANY L","Has Files","1"
"1414221448-218-10/12 43RD AVE OWNE","\\bkofficesa.file.core.windows.net\public\IT Temp\Synergy Export\1414221448-218-10\12 43RD AVE OWNE","Empty","0"
"1414260560-ANDRZEJ MILEWSKI","\\bkofficesa.file.core.windows.net\public\IT Temp\Synergy Export\1414260560-ANDRZEJ MILEWSKI","Has Files","2"
"1447897594-TEUTA LLC","\\bkofficesa.file.core.windows.net\public\IT Temp\Synergy Export\1447897594-TEUTA LLC","Not Found","0"
"1464016144-CHOUKROUN ASSET MANAGEM","\\bkofficesa.file.core.windows.net\public\IT Temp\Synergy Export\1464016144-CHOUKROUN ASSET MANAGEM","Not Found","0"
"1414260552-259 60TH STREET, INC.","\\bkofficesa.file.core.windows.net\public\IT Temp\Synergy Export\1414260552-259 60TH STREET, INC.","Has Files","1"
"1414267102-NY FINEST MANAGEMENT IN","\\bkofficesa.file.core.windows.net\public\IT Temp\Synergy Export\1414267102-NY FINEST MANAGEMENT IN","Has Files","1"
"1414279214-COMPLETE LLC","\\bkofficesa.file.core.windows.net\public\IT Temp\Synergy Export\1414279214-COMPLETE LLC","Not Found","0"
"1447920933-CONQUISTA REALTY LLC","\\bkofficesa.file.core.windows.net\public\IT Temp\Synergy Export\1447920933-CONQUISTA REALTY LLC","Has Files","1"
"1414217487-LINDENWOOD VILLGE SEC C","\\bkofficesa.file.core.windows.net\public\IT Temp\Synergy Export\1414217487-LINDENWOOD VILLGE SEC C","Not Found","0"
"1414215580-S&S KIRNON REALTY CORPO","\\bkofficesa.file.core.windows.net\public\IT Temp\Synergy Export\1414215580-S&S KIRNON REALTY CORPO","Has Files","1"
"1414225886-FENGJI ENTERPRISE INC","\\bkofficesa.file.core.windows.net\public\IT Temp\Synergy Export\1414225886-FENGJI ENTERPRISE INC","Has Files","3"
"1447893676-AGLA REALTY LLC","\\bkofficesa.file.core.windows.net\public\IT Temp\Synergy Export\1447893676-AGLA REALTY LLC","Has Files","1"
"1447894609-CHAN ON E 13 STREET INC","\\bkofficesa.file.core.windows.net\public\IT Temp\Synergy Export\1447894609-CHAN ON E 13 STREET INC","Has Files","1"
"1447899616-57RD LLC","\\bkofficesa.file.core.windows.net\public\IT Temp\Synergy Export\1447899616-57RD LLC","Has Files","1"
"1414277887-SKMMNY LLC","\\bkofficesa.file.core.windows.net\public\IT Temp\Synergy Export\1414277887-SKMMNY LLC","Not Found","0"
"1414259471-244-246 MARYLAND AVENUE","\\bkofficesa.file.core.windows.net\public\IT Temp\Synergy Export\1414259471-244-246 MARYLAND AVENUE","Not Found","0"
"1464016615-AMBROSINO EQUIT 263 POW","\\bkofficesa.file.core.windows.net\public\IT Temp\Synergy Export\1464016615-AMBROSINO EQUIT 263 POW","Has Files","1"
"1414260404-NASRY NICOLI","\\bkofficesa.file.core.windows.net\public\IT Temp\Synergy Export\1414260404-NASRY NICOLI","Not Found","0"
"1447895531-ONE 31 STREET LLC","\\bkofficesa.file.core.windows.net\public\IT Temp\Synergy Export\1447895531-ONE 31 STREET LLC","Has Files","1"
"1414277374-1084 NOSTRAND LLC","\\bkofficesa.file.core.windows.net\public\IT Temp\Synergy Export\1414277374-1084 NOSTRAND LLC","Has Files","1"
"1447897255-200 VICTORY BLVD REALTY","\\bkofficesa.file.core.windows.net\public\IT Temp\Synergy Export\1447897255-200 VICTORY BLVD REALTY","Has Files","1"
"1414279164-RUBEL A.  ALI","\\bkofficesa.file.core.windows.net\public\IT Temp\Synergy Export\1414279164-RUBEL A.  ALI","Has Files","9"
"1447896893-HUANG'S LINDEN GARDEN R","\\bkofficesa.file.core.windows.net\public\IT Temp\Synergy Export\1447896893-HUANG'S LINDEN GARDEN R","Has Files","1"
"1414281996-XIU FENG ZHANG","\\bkofficesa.file.core.windows.net\public\IT Temp\Synergy Export\1414281996-XIU FENG ZHANG","Has Files","1"
"1447923705-ZEVULAN YISACHER REALTY","\\bkofficesa.file.core.windows.net\public\IT Temp\Synergy Export\1447923705-ZEVULAN YISACHER REALTY","Has Files","1"
"1414278158-43 INDEPENDENCE LLC","\\bkofficesa.file.core.windows.net\public\IT Temp\Synergy Export\1414278158-43 INDEPENDENCE LLC","Not Found","0"
"1414267664-214 HURON STREET LLC","\\bkofficesa.file.core.windows.net\public\IT Temp\Synergy Export\1414267664-214 HURON STREET LLC","Has Files","1"
"1447892934-FRED COX INC","\\bkofficesa.file.core.windows.net\public\IT Temp\Synergy Export\1447892934-FRED COX INC","Not Found","0"
"1414224996-CRP 365 EAST 28TH ST LL","\\bkofficesa.file.core.windows.net\public\IT Temp\Synergy Export\1414224996-CRP 365 EAST 28TH ST LL","Not Found","0"
"1414266377-ABDUL MURITALA","\\bkofficesa.file.core.windows.net\public\IT Temp\Synergy Export\1414266377-ABDUL MURITALA","Not Found","0"
"1407063450-MIRCEA GURUJAN","\\bkofficesa.file.core.windows.net\public\IT Temp\Synergy Export\1407063450-MIRCEA GURUJAN","Not Found","0"
"1414260198-RUFRANO INDUSTRIES, LLC","\\bkofficesa.file.core.windows.net\public\IT Temp\Synergy Export\1414260198-RUFRANO INDUSTRIES, LLC","Not Found","0"
"1447921006-2365 LORILLARD MMN LLC","\\bkofficesa.file.core.windows.net\public\IT Temp\Synergy Export\1447921006-2365 LORILLARD MMN LLC","Not Found","0"
"1414280956-YING XIONG","\\bkofficesa.file.core.windows.net\public\IT Temp\Synergy Export\1414280956-YING XIONG","Not Found","0"
"1414217495-2534 43RD LLC","\\bkofficesa.file.core.windows.net\public\IT Temp\Synergy Export\1414217495-2534 43RD LLC","Not Found","0"
"1464016110-BEACH 31 LLC","\\bkofficesa.file.core.windows.net\public\IT Temp\Synergy Export\1464016110-BEACH 31 LLC","Empty","0"
"1447899335-LUIS BOLIVAR CHAUCA","\\bkofficesa.file.core.windows.net\public\IT Temp\Synergy Export\1447899335-LUIS BOLIVAR CHAUCA","Not Found","0"
"1447900935-MICRO MANAGE REALTY LLC","\\bkofficesa.file.core.windows.net\public\IT Temp\Synergy Export\1447900935-MICRO MANAGE REALTY LLC","Has Files","1"
"1447893114-LIANG HE LIN","\\bkofficesa.file.core.windows.net\public\IT Temp\Synergy Export\1447893114-LIANG HE LIN","Has Files","1"
"1447896844-37TH STREET REALTY LLC","\\bkofficesa.file.core.windows.net\public\IT Temp\Synergy Export\1447896844-37TH STREET REALTY LLC","Has Files","2"
"1414271278-LEXI REALTY INC","\\bkofficesa.file.core.windows.net\public\IT Temp\Synergy Export\1414271278-LEXI REALTY INC","Not Found","0"
"1414235091-1976 BELMONT AVENUE LLC","\\bkofficesa.file.core.windows.net\public\IT Temp\Synergy Export\1414235091-1976 BELMONT AVENUE LLC","Not Found","0"
"1447895663-2084 RYER AVE LLC","\\bkofficesa.file.core.windows.net\public\IT Temp\Synergy Export\1447895663-2084 RYER AVE LLC","Not Found","0"
"1464016508-RAFAEL GAMBA","\\bkofficesa.file.core.windows.net\public\IT Temp\Synergy Export\1464016508-RAFAEL GAMBA","Has Files","1"
"1414204287-STANISLAS ABBOT","\\bkofficesa.file.core.windows.net\public\IT Temp\Synergy Export\1414204287-STANISLAS ABBOT","Not Found","0"
"1414216158-AMETHYST PROPERTIES, LL","\\bkofficesa.file.core.windows.net\public\IT Temp\Synergy Export\1414216158-AMETHYST PROPERTIES, LL","Has Files","2"
"1414275006-ONE 56 STREET CORPORATI","\\bkofficesa.file.core.windows.net\public\IT Temp\Synergy Export\1414275006-ONE 56 STREET CORPORATI","Has Files","1"
"1414226926-CHAMP HILL LLC","\\bkofficesa.file.core.windows.net\public\IT Temp\Synergy Export\1414226926-CHAMP HILL LLC","Has Files","1"
"1447900927-318 EAST 77TH LLC","\\bkofficesa.file.core.windows.net\public\IT Temp\Synergy Export\1447900927-318 EAST 77TH LLC","Has Files","1"
"1414199719-MARIA L. SALAZAR","\\bkofficesa.file.core.windows.net\public\IT Temp\Synergy Export\1414199719-MARIA L. SALAZAR","Not Found","0"
"1447898758-3143 41 STREET LLC","\\bkofficesa.file.core.windows.net\public\IT Temp\Synergy Export\1447898758-3143 41 STREET LLC","Not Found","0"
"1464016920-1128 BEACH AVE LLC","\\bkofficesa.file.core.windows.net\public\IT Temp\Synergy Export\1464016920-1128 BEACH AVE LLC","Not Found","0"
"1447895119-ALSAHQANI LLC","\\bkofficesa.file.core.windows.net\public\IT Temp\Synergy Export\1447895119-ALSAHQANI LLC","Has Files","1"
"1414202604-GIFFORD DIXON","\\bkofficesa.file.core.windows.net\public\IT Temp\Synergy Export\1414202604-GIFFORD DIXON","Not Found","0"
"1414238194-WAI LAM","\\bkofficesa.file.core.windows.net\public\IT Temp\Synergy Export\1414238194-WAI LAM","Has Files","1"
"1464017308-JAVY HOLDING CORP","\\bkofficesa.file.core.windows.net\public\IT Temp\Synergy Export\1464017308-JAVY HOLDING CORP","Not Found","0"
"1414268795-BLINE 1301 REALTY LLC","\\bkofficesa.file.core.windows.net\public\IT Temp\Synergy Export\1414268795-BLINE 1301 REALTY LLC","Not Found","0"
"1414271286-BAYARD STREET LLC","\\bkofficesa.file.core.windows.net\public\IT Temp\Synergy Export\1414271286-BAYARD STREET LLC","Not Found","0"
"1447900513-ONE 26 WEST LLC","\\bkofficesa.file.core.windows.net\public\IT Temp\Synergy Export\1447900513-ONE 26 WEST LLC","Not Found","0"
"1447894658-J YANG REALTY INC","\\bkofficesa.file.core.windows.net\public\IT Temp\Synergy Export\1447894658-J YANG REALTY INC","Has Files","4"
"1447897115-23-15 29TH ST LLC","\\bkofficesa.file.core.windows.net\public\IT Temp\Synergy Export\1447897115-23-15 29TH ST LLC","Not Found","0"
"1447919281-DANIEL MANAGEMENT LLC","\\bkofficesa.file.core.windows.net\public\IT Temp\Synergy Export\1447919281-DANIEL MANAGEMENT LLC","Has Files","3"
"1414254472-YUHENG, LLC","\\bkofficesa.file.core.windows.net\public\IT Temp\Synergy Export\1414254472-YUHENG, LLC","Not Found","0"
"1414197895-DEMALIAJ CORP.","\\bkofficesa.file.core.windows.net\public\IT Temp\Synergy Export\1414197895-DEMALIAJ CORP.","Not Found","0"
"1414275162-520 HARRISON AVENUE, CO","\\bkofficesa.file.core.windows.net\public\IT Temp\Synergy Export\1414275162-520 HARRISON AVENUE, CO","Not Found","0"
"1414235406-STEVE GITLIN","\\bkofficesa.file.core.windows.net\public\IT Temp\Synergy Export\1414235406-STEVE GITLIN","Has Files","1"
"1447899756-2006 PALMETTO ST LLC","\\bkofficesa.file.core.windows.net\public\IT Temp\Synergy Export\1447899756-2006 PALMETTO ST LLC","Not Found","0"
"1414274199-7 JONES LLC","\\bkofficesa.file.core.windows.net\public\IT Temp\Synergy Export\1414274199-7 JONES LLC","Has Files","1"
"1447896547-LUIS GOMEZ","\\bkofficesa.file.core.windows.net\public\IT Temp\Synergy Export\1447896547-LUIS GOMEZ","Has Files","3"
"1447922434-RIZARO 1940 LLC","\\bkofficesa.file.core.windows.net\public\IT Temp\Synergy Export\1447922434-RIZARO 1940 LLC","Not Found","0"
"1447895887-515 22ND STREET LLC","\\bkofficesa.file.core.windows.net\public\IT Temp\Synergy Export\1447895887-515 22ND STREET LLC","Has Files","1"
"1447894435-RED CASTLE PROPERTIES L","\\bkofficesa.file.core.windows.net\public\IT Temp\Synergy Export\1447894435-RED CASTLE PROPERTIES L","Not Found","0"
"1447898394-324 W 89TH ST OWNERS CO","\\bkofficesa.file.core.windows.net\public\IT Temp\Synergy Export\1447898394-324 W 89TH ST OWNERS CO","Has Files","1"
"1447893528-1265 HAV LLC","\\bkofficesa.file.core.windows.net\public\IT Temp\Synergy Export\1447893528-1265 HAV LLC","Has Files","2"
"1414276699-JOSE M FERNANDEZ","\\bkofficesa.file.core.windows.net\public\IT Temp\Synergy Export\1414276699-JOSE M FERNANDEZ","Has Files","1"
"1414275022-1718 PALMETTO ST. REALT","\\bkofficesa.file.core.windows.net\public\IT Temp\Synergy Export\1414275022-1718 PALMETTO ST. REALT","Has Files","1"
"1414260354-PORTO REALTY LLC","\\bkofficesa.file.core.windows.net\public\IT Temp\Synergy Export\1414260354-PORTO REALTY LLC","Not Found","0"
"1447903798-EVERGREEN RESIDENTIAL L","\\bkofficesa.file.core.windows.net\public\IT Temp\Synergy Export\1447903798-EVERGREEN RESIDENTIAL L","Has Files","1"
"1414259521-7219 5TH AVENUE CORP.","\\bkofficesa.file.core.windows.net\public\IT Temp\Synergy Export\1414259521-7219 5TH AVENUE CORP.","Not Found","0"
"1447924554-MCNELLY 2610 18TH ST LL","\\bkofficesa.file.core.windows.net\public\IT Temp\Synergy Export\1447924554-MCNELLY 2610 18TH ST LL","Not Found","0"
"1447902923-664 OCEAN AVE HOLDINGS","\\bkofficesa.file.core.windows.net\public\IT Temp\Synergy Export\1447902923-664 OCEAN AVE HOLDINGS","Not Found","0"
"1414255784-JR HOWELL HOUSE LLC","\\bkofficesa.file.core.windows.net\public\IT Temp\Synergy Export\1414255784-JR HOWELL HOUSE LLC","Not Found","0"
"1447900497-PELLIROSSO REALTY LLC","\\bkofficesa.file.core.windows.net\public\IT Temp\Synergy Export\1447900497-PELLIROSSO REALTY LLC","Not Found","0"
"1414192037-MONIKA KOLAKOWSKI","\\bkofficesa.file.core.windows.net\public\IT Temp\Synergy Export\1414192037-MONIKA KOLAKOWSKI","Not Found","0"
"1414265106-278 KNICK LLC","\\bkofficesa.file.core.windows.net\public\IT Temp\Synergy Export\1414265106-278 KNICK LLC","Not Found","0"
"1447922152-3100 OWNERS CORP","\\bkofficesa.file.core.windows.net\public\IT Temp\Synergy Export\1447922152-3100 OWNERS CORP","Has Files","1"
"1447899467-138-23RD ST JACKSON HTS","\\bkofficesa.file.core.windows.net\public\IT Temp\Synergy Export\1447899467-138-23RD ST JACKSON HTS","Has Files","1"
"1447918259-TERRACE VIEW REALTY CO","\\bkofficesa.file.core.windows.net\public\IT Temp\Synergy Export\1447918259-TERRACE VIEW REALTY CO","Has Files","1"
"1447899954-ZENG8 REALTY LLC","\\bkofficesa.file.core.windows.net\public\IT Temp\Synergy Export\1447899954-ZENG8 REALTY LLC","Not Found","0"
"1414222206-595 WEST 207 ASSOCIATES","\\bkofficesa.file.core.windows.net\public\IT Temp\Synergy Export\1414222206-595 WEST 207 ASSOCIATES","Has Files","1"
"1447923317-34-38 TOMPKINS STREET L","\\bkofficesa.file.core.windows.net\public\IT Temp\Synergy Export\1447923317-34-38 TOMPKINS STREET L","Has Files","1"
"1414263069-OLINVILLE 2451 LLC","\\bkofficesa.file.core.windows.net\public\IT Temp\Synergy Export\1414263069-OLINVILLE 2451 LLC","Not Found","0"
"1447903335-L J B L ENTERPRISES LLC","\\bkofficesa.file.core.windows.net\public\IT Temp\Synergy Export\1447903335-L J B L ENTERPRISES LLC","Not Found","0"
"1414216968-6128 MADISON LLC","\\bkofficesa.file.core.windows.net\public\IT Temp\Synergy Export\1414216968-6128 MADISON LLC","Not Found","0"
"1447894559-36 BRUCE AVENUE CORP","\\bkofficesa.file.core.windows.net\public\IT Temp\Synergy Export\1447894559-36 BRUCE AVENUE CORP","Has Files","3"
"1414271799-KYLOS REALTY CORP","\\bkofficesa.file.core.windows.net\public\IT Temp\Synergy Export\1414271799-KYLOS REALTY CORP","Not Found","0"
"1414269215-BENCOSME REALTY CORP","\\bkofficesa.file.core.windows.net\public\IT Temp\Synergy Export\1414269215-BENCOSME REALTY CORP","Empty","0"
"1407063518-PHILIP SCHECHTER","\\bkofficesa.file.core.windows.net\public\IT Temp\Synergy Export\1407063518-PHILIP SCHECHTER","Not Found","0"
"1447897990-ZOU HOU 6523 REALTY LLC","\\bkofficesa.file.core.windows.net\public\IT Temp\Synergy Export\1447897990-ZOU HOU 6523 REALTY LLC","Not Found","0"
"1447903582-422 BLEECKER ST REALTY","\\bkofficesa.file.core.windows.net\public\IT Temp\Synergy Export\1447903582-422 BLEECKER ST REALTY","Has Files","1"
"1447897040-204 W 92ND ST APARTMENT","\\bkofficesa.file.core.windows.net\public\IT Temp\Synergy Export\1447897040-204 W 92ND ST APARTMENT","Not Found","0"
"1447896141-1102 FLATBUSH AVENUE LL","\\bkofficesa.file.core.windows.net\public\IT Temp\Synergy Export\1447896141-1102 FLATBUSH AVENUE LL","Not Found","0"
"1414280949-THE EIGNER WOODBINE COR","\\bkofficesa.file.core.windows.net\public\IT Temp\Synergy Export\1414280949-THE EIGNER WOODBINE COR","Not Found","0"
"1464016292-753 MILLER AVE LLC","\\bkofficesa.file.core.windows.net\public\IT Temp\Synergy Export\1464016292-753 MILLER AVE LLC","Not Found","0"
"1414277762-74-06 RENTALS INC","\\bkofficesa.file.core.windows.net\public\IT Temp\Synergy Export\1414277762-74-06 RENTALS INC","Has Files","1"
"1414268100-GAD REALTY OF NY LLC","\\bkofficesa.file.core.windows.net\public\IT Temp\Synergy Export\1414268100-GAD REALTY OF NY LLC","Not Found","0"
"1414232643-LEONARD RAYAM","\\bkofficesa.file.core.windows.net\public\IT Temp\Synergy Export\1414232643-LEONARD RAYAM","Not Found","0"
"1447901693-1134 METCALF LLC","\\bkofficesa.file.core.windows.net\public\IT Temp\Synergy Export\1447901693-1134 METCALF LLC","Not Found","0"
"1414220630-FIVE ELEMENTS ENTERPRIS","\\bkofficesa.file.core.windows.net\public\IT Temp\Synergy Export\1414220630-FIVE ELEMENTS ENTERPRIS","Has Files","3"
"1414263770-212 KINGSLAND AVE LLC","\\bkofficesa.file.core.windows.net\public\IT Temp\Synergy Export\1414263770-212 KINGSLAND AVE LLC","Not Found","0"
"1447898030-ANDY MASTOROS","\\bkofficesa.file.core.windows.net\public\IT Temp\Synergy Export\1447898030-ANDY MASTOROS","Not Found","0"
"1447899152-525 83RD STREET LLC","\\bkofficesa.file.core.windows.net\public\IT Temp\Synergy Export\1447899152-525 83RD STREET LLC","Not Found","0"
"1447922863-KAMBOS HOLDINGS LLC","\\bkofficesa.file.core.windows.net\public\IT Temp\Synergy Export\1447922863-KAMBOS HOLDINGS LLC","Has Files","1"
"1414282200-130 ADELPHI HOUSING LLC","\\bkofficesa.file.core.windows.net\public\IT Temp\Synergy Export\1414282200-130 ADELPHI HOUSING LLC","Not Found","0"
"1464016763-MARCONI VILLAS LLC","\\bkofficesa.file.core.windows.net\public\IT Temp\Synergy Export\1464016763-MARCONI VILLAS LLC","Has Files","1"
"1447916618-500 OCEAN APT CORP","\\bkofficesa.file.core.windows.net\public\IT Temp\Synergy Export\1447916618-500 OCEAN APT CORP","Has Files","1"
"1414259315-JINSUN LLC","\\bkofficesa.file.core.windows.net\public\IT Temp\Synergy Export\1414259315-JINSUN LLC","Not Found","0"
"1447924125-376 MCLEAN AVE LLC","\\bkofficesa.file.core.windows.net\public\IT Temp\Synergy Export\1447924125-376 MCLEAN AVE LLC","Has Files","1"
"1414280626-SAPS 68 SPRUCE LLC","\\bkofficesa.file.core.windows.net\public\IT Temp\Synergy Export\1414280626-SAPS 68 SPRUCE LLC","Not Found","0"
"1447921766-531 E 83RD ST OWNERS CO","\\bkofficesa.file.core.windows.net\public\IT Temp\Synergy Export\1447921766-531 E 83RD ST OWNERS CO","Has Files","1"
"1447919752-SUFFOLK NORTHPORT LLC","\\bkofficesa.file.core.windows.net\public\IT Temp\Synergy Export\1447919752-SUFFOLK NORTHPORT LLC","Has Files","2"
"1447899079-SURESH RAMPERSAUD","\\bkofficesa.file.core.windows.net\public\IT Temp\Synergy Export\1447899079-SURESH RAMPERSAUD","Not Found","0"
"1447892728-55 REALTY LLC","\\bkofficesa.file.core.windows.net\public\IT Temp\Synergy Export\1447892728-55 REALTY LLC","Has Files","1"
"1414280899-78-79 WESTCHESTER SQUAR","\\bkofficesa.file.core.windows.net\public\IT Temp\Synergy Export\1414280899-78-79 WESTCHESTER SQUAR","Has Files","1"
"1447900232-18A BROADWAY LLC","\\bkofficesa.file.core.windows.net\public\IT Temp\Synergy Export\1447900232-18A BROADWAY LLC","Not Found","0"
"1447896216-LIU SHI PROPERTY INC","\\bkofficesa.file.core.windows.net\public\IT Temp\Synergy Export\1447896216-LIU SHI PROPERTY INC","Has Files","1"
"1414272342-474 BROOKLYN REALTY INC","\\bkofficesa.file.core.windows.net\public\IT Temp\Synergy Export\1414272342-474 BROOKLYN REALTY INC","Has Files","2"
"1414270874-JING WEI, INC.","\\bkofficesa.file.core.windows.net\public\IT Temp\Synergy Export\1414270874-JING WEI, INC.","Not Found","0"
"1464016193-OSHO DEVELOPERS 186 LLC","\\bkofficesa.file.core.windows.net\public\IT Temp\Synergy Export\1464016193-OSHO DEVELOPERS 186 LLC","Has Files","1"
"1414216182-322 LINDEN BLVD REALTY","\\bkofficesa.file.core.windows.net\public\IT Temp\Synergy Export\1414216182-322 LINDEN BLVD REALTY","Not Found","0"
"1447903269-TONY 7 LLC","\\bkofficesa.file.core.windows.net\public\IT Temp\Synergy Export\1447903269-TONY 7 LLC","Has Files","1"
"1464017860-152ST REALTY LLC","\\bkofficesa.file.core.windows.net\public\IT Temp\Synergy Export\1464017860-152ST REALTY LLC","Not Found","0"
"1414263283-CORONA AVE LLC","\\bkofficesa.file.core.windows.net\public\IT Temp\Synergy Export\1414263283-CORONA AVE LLC","Not Found","0"
"1414245629-SALVADOR MENDEZ","\\bkofficesa.file.core.windows.net\public\IT Temp\Synergy Export\1414245629-SALVADOR MENDEZ","Not Found","0"
"1414179844-STEFAN I KOSTIAL","\\bkofficesa.file.core.windows.net\public\IT Temp\Synergy Export\1414179844-STEFAN I KOSTIAL","Has Files","1"
"1464015526-74 OAK ST LLC","\\bkofficesa.file.core.windows.net\public\IT Temp\Synergy Export\1464015526-74 OAK ST LLC","Not Found","0"
"1414218923-2620 OCEAN OWNERS CORP","\\bkofficesa.file.core.windows.net\public\IT Temp\Synergy Export\1414218923-2620 OCEAN OWNERS CORP","Has Files","2"
"1447894286-OZONE PARK RICHMOND HIL","\\bkofficesa.file.core.windows.net\public\IT Temp\Synergy Export\1447894286-OZONE PARK RICHMOND HIL","Not Found","0"
"1447901438-78 HURON HOLDING CORP","\\bkofficesa.file.core.windows.net\public\IT Temp\Synergy Export\1447901438-78 HURON HOLDING CORP","Has Files","1"
"1447903921-215 BUFFALO PROPERTY LL","\\bkofficesa.file.core.windows.net\public\IT Temp\Synergy Export\1447903921-215 BUFFALO PROPERTY LL","Not Found","0"
"1414278075-114&116 SULLIVAN ST LLC","\\bkofficesa.file.core.windows.net\public\IT Temp\Synergy Export\1414278075-114&116 SULLIVAN ST LLC","Has Files","1"
"1414275956-A&M BROOKLYN, LLC","\\bkofficesa.file.core.windows.net\public\IT Temp\Synergy Export\1414275956-A&M BROOKLYN, LLC","Has Files","1"
"1447901370-HLW ALPHA LLC","\\bkofficesa.file.core.windows.net\public\IT Temp\Synergy Export\1447901370-HLW ALPHA LLC","Has Files","2"
"1414217503-RELATED REALTY LLC","\\bkofficesa.file.core.windows.net\public\IT Temp\Synergy Export\1414217503-RELATED REALTY LLC","Has Files","1"
"1447903681-13 JUDGE STREET CORP","\\bkofficesa.file.core.windows.net\public\IT Temp\Synergy Export\1447903681-13 JUDGE STREET CORP","Has Files","2"
"1414229557-ASHLEY & YARINEL CORP.","\\bkofficesa.file.core.windows.net\public\IT Temp\Synergy Export\1414229557-ASHLEY & YARINEL CORP.","Has Files","1"
"1414264281-SAM C L REALTY, CORP.","\\bkofficesa.file.core.windows.net\public\IT Temp\Synergy Export\1414264281-SAM C L REALTY, CORP.","Not Found","0"
"1414269959-WOODHAVEN 2014 LLC","\\bkofficesa.file.core.windows.net\public\IT Temp\Synergy Export\1414269959-WOODHAVEN 2014 LLC","Not Found","0"
"1447897644-CROTONA PARK REALTY LLC","\\bkofficesa.file.core.windows.net\public\IT Temp\Synergy Export\1447897644-CROTONA PARK REALTY LLC","Has Files","1"
"1447903632-278 BROOKLYN  LLC","\\bkofficesa.file.core.windows.net\public\IT Temp\Synergy Export\1447903632-278 BROOKLYN  LLC","Not Found","0"
"1414265007-RAMANDEEP K MALL","\\bkofficesa.file.core.windows.net\public\IT Temp\Synergy Export\1414265007-RAMANDEEP K MALL","Not Found","0"
"1447903988-80-82 LAWRENCE STR LLC","\\bkofficesa.file.core.windows.net\public\IT Temp\Synergy Export\1447903988-80-82 LAWRENCE STR LLC","Has Files","17"
"1414263580-KYLOS REALTY CORP","\\bkofficesa.file.core.windows.net\public\IT Temp\Synergy Export\1414263580-KYLOS REALTY CORP","Not Found","0"
"1447901479-63 IRVING AVE LLC","\\bkofficesa.file.core.windows.net\public\IT Temp\Synergy Export\1447901479-63 IRVING AVE LLC","Not Found","0"
"1414261600-QUINCY ROCK LLC","\\bkofficesa.file.core.windows.net\public\IT Temp\Synergy Export\1414261600-QUINCY ROCK LLC","Not Found","0"
"1414274553-283 ST. NICHOLAS LLC","\\bkofficesa.file.core.windows.net\public\IT Temp\Synergy Export\1414274553-283 ST. NICHOLAS LLC","Not Found","0"
"1464017266-1757 SEWARD PROPERTY LL","\\bkofficesa.file.core.windows.net\public\IT Temp\Synergy Export\1464017266-1757 SEWARD PROPERTY LL","Not Found","0"
"1414187631-SAN NICOLO REALTY CORP.","\\bkofficesa.file.core.windows.net\public\IT Temp\Synergy Export\1414187631-SAN NICOLO REALTY CORP.","Not Found","0"
"1447922228-ROK REALTY CORP","\\bkofficesa.file.core.windows.net\public\IT Temp\Synergy Export\1447922228-ROK REALTY CORP","Has Files","3"
"1447894773-5219 NU LLC","\\bkofficesa.file.core.windows.net\public\IT Temp\Synergy Export\1447894773-5219 NU LLC","Has Files","1"
"1447900182-FANTASY 4 PROPERTY LLC","\\bkofficesa.file.core.windows.net\public\IT Temp\Synergy Export\1447900182-FANTASY 4 PROPERTY LLC","Not Found","0"
"1414281715-JIANLE HUANG","\\bkofficesa.file.core.windows.net\public\IT Temp\Synergy Export\1414281715-JIANLE HUANG","Has Files","1"
"1414182137-BEN GURION MATSAS","\\bkofficesa.file.core.windows.net\public\IT Temp\Synergy Export\1414182137-BEN GURION MATSAS","Has Files","1"
"1414277317-HUDSON APARTMENTS LLC","\\bkofficesa.file.core.windows.net\public\IT Temp\Synergy Export\1414277317-HUDSON APARTMENTS LLC","Not Found","0"
"1414266344-PR 757 CORP","\\bkofficesa.file.core.windows.net\public\IT Temp\Synergy Export\1414266344-PR 757 CORP","Not Found","0"
"1414254480-QW LLC","\\bkofficesa.file.core.windows.net\public\IT Temp\Synergy Export\1414254480-QW LLC","Empty","0"
"1407066677-MIRCEA GURUJAN","\\bkofficesa.file.core.windows.net\public\IT Temp\Synergy Export\1407066677-MIRCEA GURUJAN","Not Found","0"
"1447897743-PAMAK LLC","\\bkofficesa.file.core.windows.net\public\IT Temp\Synergy Export\1447897743-PAMAK LLC","Has Files","1"
"1447924992-TWOLAND LLC","\\bkofficesa.file.core.windows.net\public\IT Temp\Synergy Export\1447924992-TWOLAND LLC","Has Files","120"
"1414268001-JOHN ECONOMAKOS","\\bkofficesa.file.core.windows.net\public\IT Temp\Synergy Export\1414268001-JOHN ECONOMAKOS","Has Files","1"
"1414275816-136 DEAN ST. BROOKLYN C","\\bkofficesa.file.core.windows.net\public\IT Temp\Synergy Export\1414275816-136 DEAN ST. BROOKLYN C","Has Files","1"
"1447893346-CATANIA HARMAN REALTY L","\\bkofficesa.file.core.windows.net\public\IT Temp\Synergy Export\1447893346-CATANIA HARMAN REALTY L","Has Files","1"
"1464014982-958 SENECA AVENUE LLC","\\bkofficesa.file.core.windows.net\public\IT Temp\Synergy Export\1464014982-958 SENECA AVENUE LLC","Has Files","1"
"1447903517-CROWNLAND HOLDINGS LLC","\\bkofficesa.file.core.windows.net\public\IT Temp\Synergy Export\1447903517-CROWNLAND HOLDINGS LLC","Not Found","0"
"1414236594-CHUN MIN ZHAO","\\bkofficesa.file.core.windows.net\public\IT Temp\Synergy Export\1414236594-CHUN MIN ZHAO","Not Found","0"
"1414275378-VIP MEDIA & MNGMNT S IN","\\bkofficesa.file.core.windows.net\public\IT Temp\Synergy Export\1414275378-VIP MEDIA & MNGMNT S IN","Has Files","1"
"1414264901-212 88TH STREET, LLC","\\bkofficesa.file.core.windows.net\public\IT Temp\Synergy Export\1414264901-212 88TH STREET, LLC","Not Found","0"
"1414259687-BILL KONTOLIOS","\\bkofficesa.file.core.windows.net\public\IT Temp\Synergy Export\1414259687-BILL KONTOLIOS","Not Found","0"
"1414218915-735 EAST 166TH REALTY L","\\bkofficesa.file.core.windows.net\public\IT Temp\Synergy Export\1414218915-735 EAST 166TH REALTY L","Not Found","0"
"1447919000-304-306 S Y REALTY LLC","\\bkofficesa.file.core.windows.net\public\IT Temp\Synergy Export\1447919000-304-306 S Y REALTY LLC","Has Files","1"
"1464016870-HYLN LLC","\\bkofficesa.file.core.windows.net\public\IT Temp\Synergy Export\1464016870-HYLN LLC","Not Found","0"
"1414269157-168 1/2 DELANCEY CORP","\\bkofficesa.file.core.windows.net\public\IT Temp\Synergy Export\1414269157-168 1\2 DELANCEY CORP","Not Found","0"
"1414272656-V & ROE REALTY CORP","\\bkofficesa.file.core.windows.net\public\IT Temp\Synergy Export\1414272656-V & ROE REALTY CORP","Not Found","0"
"1414280709-35-37 32 STREET LLC","\\bkofficesa.file.core.windows.net\public\IT Temp\Synergy Export\1414280709-35-37 32 STREET LLC","Has Files","3"
"1414240752-HEERALALL MA PARMANAND","\\bkofficesa.file.core.windows.net\public\IT Temp\Synergy Export\1414240752-HEERALALL MA PARMANAND","Has Files","2"
"1447923838-1226 2 AVE LLC","\\bkofficesa.file.core.windows.net\public\IT Temp\Synergy Export\1447923838-1226 2 AVE LLC","Has Files","1"
"1447917590-JJA HOLDING CORP","\\bkofficesa.file.core.windows.net\public\IT Temp\Synergy Export\1447917590-JJA HOLDING CORP","Has Files","2"
"1414258895-2149 SECOND AVENUE CORP","\\bkofficesa.file.core.windows.net\public\IT Temp\Synergy Export\1414258895-2149 SECOND AVENUE CORP","Not Found","0"
"1414273373-OSMOND ABSOLAM","\\bkofficesa.file.core.windows.net\public\IT Temp\Synergy Export\1414273373-OSMOND ABSOLAM","Not Found","0"
"1447892918-38 MARKET LLC","\\bkofficesa.file.core.windows.net\public\IT Temp\Synergy Export\1447892918-38 MARKET LLC","Not Found","0"
"1464017027-TAPSCOTT 126 LLC","\\bkofficesa.file.core.windows.net\public\IT Temp\Synergy Export\1464017027-TAPSCOTT 126 LLC","Not Found","0"
"1414263176-HOK KOO KAM","\\bkofficesa.file.core.windows.net\public\IT Temp\Synergy Export\1414263176-HOK KOO KAM","Not Found","0"
"1414190726-PATRICK G. DECAROLIS","\\bkofficesa.file.core.windows.net\public\IT Temp\Synergy Export\1414190726-PATRICK G. DECAROLIS","Not Found","0"
"1447921659-150 WEST END OWNERS COR","\\bkofficesa.file.core.windows.net\public\IT Temp\Synergy Export\1447921659-150 WEST END OWNERS COR","Has Files","1"
"1414239838-GIVENS & ASSOCIATES LLC","\\bkofficesa.file.core.windows.net\public\IT Temp\Synergy Export\1414239838-GIVENS & ASSOCIATES LLC","Not Found","0"
"1447903590-ZBR 135 DEVOE LLC","\\bkofficesa.file.core.windows.net\public\IT Temp\Synergy Export\1447903590-ZBR 135 DEVOE LLC","Not Found","0"
"1447892710-W BEECH REALTY LLC","\\bkofficesa.file.core.windows.net\public\IT Temp\Synergy Export\1447892710-W BEECH REALTY LLC","Not Found","0"
"1414229177-ELMER BARRIOS","\\bkofficesa.file.core.windows.net\public\IT Temp\Synergy Export\1414229177-ELMER BARRIOS","Has Files","1"
"1447903822-KAM ON MANAGEMENT INC","\\bkofficesa.file.core.windows.net\public\IT Temp\Synergy Export\1447903822-KAM ON MANAGEMENT INC","Has Files","4"
"1447924737-101 MJ REALTY LLC","\\bkofficesa.file.core.windows.net\public\IT Temp\Synergy Export\1447924737-101 MJ REALTY LLC","Not Found","0"
"1447901453-23RD ST. LOFT CORPORATI","\\bkofficesa.file.core.windows.net\public\IT Temp\Synergy Export\1447901453-23RD ST. LOFT CORPORATI","Has Files","10"
"1447895176-THE WINDHAM-MCKOY REALT","\\bkofficesa.file.core.windows.net\public\IT Temp\Synergy Export\1447895176-THE WINDHAM-MCKOY REALT","Not Found","0"
"1414221182-ROYAL LINCOLN LLC","\\bkofficesa.file.core.windows.net\public\IT Temp\Synergy Export\1414221182-ROYAL LINCOLN LLC","Has Files","1"
"1464017704-1266 HANCOCK LLC","\\bkofficesa.file.core.windows.net\public\IT Temp\Synergy Export\1464017704-1266 HANCOCK LLC","Not Found","0"
"1447924539-EL BALCON PROPERTIES CO","\\bkofficesa.file.core.windows.net\public\IT Temp\Synergy Export\1447924539-EL BALCON PROPERTIES CO","Has Files","1"
"1414274751-811 PENFIELD STREET, LL","\\bkofficesa.file.core.windows.net\public\IT Temp\Synergy Export\1414274751-811 PENFIELD STREET, LL","Not Found","0"
"1447897966-6832 3RD AVENUE LLC","\\bkofficesa.file.core.windows.net\public\IT Temp\Synergy Export\1447897966-6832 3RD AVENUE LLC","Not Found","0"
"1447904275-500 BROOKLINE LLC","\\bkofficesa.file.core.windows.net\public\IT Temp\Synergy Export\1447904275-500 BROOKLINE LLC","Has Files","94"
"1447922475-205 APARTMENTS CO LLC","\\bkofficesa.file.core.windows.net\public\IT Temp\Synergy Export\1447922475-205 APARTMENTS CO LLC","Not Found","0"
"1414271781-JOVILE ASSET HOLDINGS L","\\bkofficesa.file.core.windows.net\public\IT Temp\Synergy Export\1414271781-JOVILE ASSET HOLDINGS L","Not Found","0"
"1447901065-JUAN JORGE WILLIAMS","\\bkofficesa.file.core.windows.net\public\IT Temp\Synergy Export\1447901065-JUAN JORGE WILLIAMS","Not Found","0"
"1414240570-STEVENS BROTHERS REALTY","\\bkofficesa.file.core.windows.net\public\IT Temp\Synergy Export\1414240570-STEVENS BROTHERS REALTY","Not Found","0"
"1414264059-AMELIA 161 LLC","\\bkofficesa.file.core.windows.net\public\IT Temp\Synergy Export\1414264059-AMELIA 161 LLC","Not Found","0"
"1414258770-TIMELAND LLC","\\bkofficesa.file.core.windows.net\public\IT Temp\Synergy Export\1414258770-TIMELAND LLC","Not Found","0"
"1414278349-DARI INC.","\\bkofficesa.file.core.windows.net\public\IT Temp\Synergy Export\1414278349-DARI INC.","Has Files","1"
"1447900760-1147 VYSE REALTY LLC","\\bkofficesa.file.core.windows.net\public\IT Temp\Synergy Export\1447900760-1147 VYSE REALTY LLC","Has Files","1"
"1414280907-SOMMERSET PROPERTIES LL","\\bkofficesa.file.core.windows.net\public\IT Temp\Synergy Export\1414280907-SOMMERSET PROPERTIES LL","Has Files","1"
"1447923531-1980 AMSTERDAM AVE","\\bkofficesa.file.core.windows.net\public\IT Temp\Synergy Export\1447923531-1980 AMSTERDAM AVE","Has Files","3"
"1464016847-392 AND MAZEL LLC","\\bkofficesa.file.core.windows.net\public\IT Temp\Synergy Export\1464016847-392 AND MAZEL LLC","Has Files","1"
"1447896174-SADIK PRELJVUKAJ","\\bkofficesa.file.core.windows.net\public\IT Temp\Synergy Export\1447896174-SADIK PRELJVUKAJ","Has Files","1"
"1414271740-DEKAS REALTY LLC","\\bkofficesa.file.core.windows.net\public\IT Temp\Synergy Export\1414271740-DEKAS REALTY LLC","Not Found","0"
"1447897800-285 FOUNTAIN LLC","\\bkofficesa.file.core.windows.net\public\IT Temp\Synergy Export\1447897800-285 FOUNTAIN LLC","Has Files","1"
"1447924885-64-62 BOOTH ST. OWNERS","\\bkofficesa.file.core.windows.net\public\IT Temp\Synergy Export\1447924885-64-62 BOOTH ST. OWNERS","Has Files","7"
"1447923648-NOSTRAND AND EMPIRE HOL","\\bkofficesa.file.core.windows.net\public\IT Temp\Synergy Export\1447923648-NOSTRAND AND EMPIRE HOL","Has Files","2"
"1447897941-ANSELMO NEROTILDA LLC","\\bkofficesa.file.core.windows.net\public\IT Temp\Synergy Export\1447897941-ANSELMO NEROTILDA LLC","Has Files","1"
"1447895028-ROOSEVELT REALTY HOLDIN","\\bkofficesa.file.core.windows.net\public\IT Temp\Synergy Export\1447895028-ROOSEVELT REALTY HOLDIN","Has Files","1"
"1447894716-139 20TH STREET REALTY","\\bkofficesa.file.core.windows.net\public\IT Temp\Synergy Export\1447894716-139 20TH STREET REALTY","Not Found","0"
"1414273712-133 17TH STREET, LLC","\\bkofficesa.file.core.windows.net\public\IT Temp\Synergy Export\1414273712-133 17TH STREET, LLC","Not Found","0"
"1414274082-ZHAO & ZHAO LLC","\\bkofficesa.file.core.windows.net\public\IT Temp\Synergy Export\1414274082-ZHAO & ZHAO LLC","Has Files","1"
"1447903954-CARRICK HOMES, INC","\\bkofficesa.file.core.windows.net\public\IT Temp\Synergy Export\1447903954-CARRICK HOMES, INC","Has Files","20"
"1447892637-KMA PROPERTIES CORP","\\bkofficesa.file.core.windows.net\public\IT Temp\Synergy Export\1447892637-KMA PROPERTIES CORP","Not Found","0"
"1414260735-JOVIRA, INC.","\\bkofficesa.file.core.windows.net\public\IT Temp\Synergy Export\1414260735-JOVIRA, INC.","Not Found","0"
"1414260719-JOVIRA, INC.","\\bkofficesa.file.core.windows.net\public\IT Temp\Synergy Export\1414260719-JOVIRA, INC.","Not Found","0"
"1414260727-JOVIRA, INC.","\\bkofficesa.file.core.windows.net\public\IT Temp\Synergy Export\1414260727-JOVIRA, INC.","Not Found","0"
"1414268589-FRANK RACANELLI","\\bkofficesa.file.core.windows.net\public\IT Temp\Synergy Export\1414268589-FRANK RACANELLI","Has Files","1"
"1447895135-ACIA REALTY GROUP LLC","\\bkofficesa.file.core.windows.net\public\IT Temp\Synergy Export\1447895135-ACIA REALTY GROUP LLC","Not Found","0"
"1414230613-MEIR NIZRY","\\bkofficesa.file.core.windows.net\public\IT Temp\Synergy Export\1414230613-MEIR NIZRY","Has Files","1"
"1447891910-TCKA LLC","\\bkofficesa.file.core.windows.net\public\IT Temp\Synergy Export\1447891910-TCKA LLC","Has Files","1"
"1414221430-17 ROSE ESTATES LLC","\\bkofficesa.file.core.windows.net\public\IT Temp\Synergy Export\1414221430-17 ROSE ESTATES LLC","Has Files","1"
"1414267276-600 WYONA ASSOCIATES LL","\\bkofficesa.file.core.windows.net\public\IT Temp\Synergy Export\1414267276-600 WYONA ASSOCIATES LL","Has Files","1"
"1464016169-WEST 19TH REALTY LLC","\\bkofficesa.file.core.windows.net\public\IT Temp\Synergy Export\1464016169-WEST 19TH REALTY LLC","Not Found","0"
"1464015781-PHYLLIS 852 LLC","\\bkofficesa.file.core.windows.net\public\IT Temp\Synergy Export\1464015781-PHYLLIS 852 LLC","Has Files","1"
"1414281798-292 MAIN STREET","\\bkofficesa.file.core.windows.net\public\IT Temp\Synergy Export\1414281798-292 MAIN STREET","Not Found","0"
"1414182434-DUFFY BUILDING MGT, LLC","\\bkofficesa.file.core.windows.net\public\IT Temp\Synergy Export\1414182434-DUFFY BUILDING MGT, LLC","Not Found","0"
"1447920230-EAST 175TH REALTY LLC","\\bkofficesa.file.core.windows.net\public\IT Temp\Synergy Export\1447920230-EAST 175TH REALTY LLC","Has Files","2"
"1414270478-YANG BAO ZHANG LLC","\\bkofficesa.file.core.windows.net\public\IT Temp\Synergy Export\1414270478-YANG BAO ZHANG LLC","Not Found","0"
"1447894344-SERGIO M VASQUEZ","\\bkofficesa.file.core.windows.net\public\IT Temp\Synergy Export\1447894344-SERGIO M VASQUEZ","Not Found","0"
"1414221802-227 LINDEN BOULEVARD LL","\\bkofficesa.file.core.windows.net\public\IT Temp\Synergy Export\1414221802-227 LINDEN BOULEVARD LL","Not Found","0"
"1447917699-SEIYA TOKUYAMA","\\bkofficesa.file.core.windows.net\public\IT Temp\Synergy Export\1447917699-SEIYA TOKUYAMA","Not Found","0"
"1447918044-65-11 REALTY LLC","\\bkofficesa.file.core.windows.net\public\IT Temp\Synergy Export\1447918044-65-11 REALTY LLC","Has Files","1"
"1414228229-VALERIE TENNYSON","\\bkofficesa.file.core.windows.net\public\IT Temp\Synergy Export\1414228229-VALERIE TENNYSON","Not Found","0"
"1414277572-JENNIE FICANO REVOCABLE","\\bkofficesa.file.core.windows.net\public\IT Temp\Synergy Export\1414277572-JENNIE FICANO REVOCABLE","Not Found","0"
"1414197218-17-15 GATES AVENUE INC.","\\bkofficesa.file.core.windows.net\public\IT Temp\Synergy Export\1414197218-17-15 GATES AVENUE INC.","Not Found","0"
"1414274868-ELLEN NYGAARD","\\bkofficesa.file.core.windows.net\public\IT Temp\Synergy Export\1414274868-ELLEN NYGAARD","Not Found","0"
"1414246320-JK 168 MANAG INC.","\\bkofficesa.file.core.windows.net\public\IT Temp\Synergy Export\1414246320-JK 168 MANAG INC.","Not Found","0"
"1447897131-202 IRVING REALTY LLC","\\bkofficesa.file.core.windows.net\public\IT Temp\Synergy Export\1447897131-202 IRVING REALTY LLC","Has Files","1"
"1447891852-VIOLET FAMILY EQUITIES","\\bkofficesa.file.core.windows.net\public\IT Temp\Synergy Export\1447891852-VIOLET FAMILY EQUITIES","Has Files","1"
"1447923127-KESS MAIN LLC","\\bkofficesa.file.core.windows.net\public\IT Temp\Synergy Export\1447923127-KESS MAIN LLC","Has Files","1"
"1447922905-MAYFAIR ELM LLC","\\bkofficesa.file.core.windows.net\public\IT Temp\Synergy Export\1447922905-MAYFAIR ELM LLC","Not Found","0"
"1414272946-CHENG & WENG REALTY COR","\\bkofficesa.file.core.windows.net\public\IT Temp\Synergy Export\1414272946-CHENG & WENG REALTY COR","Not Found","0"
"1414279685-41 HENRY REALTY INC.","\\bkofficesa.file.core.windows.net\public\IT Temp\Synergy Export\1414279685-41 HENRY REALTY INC.","Not Found","0"
"1447923473-GRAND AVENUE TENANTS CO","\\bkofficesa.file.core.windows.net\public\IT Temp\Synergy Export\1447923473-GRAND AVENUE TENANTS CO","Has Files","1"
"1447898378-RH FL LLC","\\bkofficesa.file.core.windows.net\public\IT Temp\Synergy Export\1447898378-RH FL LLC","Not Found","0"
"1414269066-DOMINIC LOGUERCIO","\\bkofficesa.file.core.windows.net\public\IT Temp\Synergy Export\1414269066-DOMINIC LOGUERCIO","Not Found","0"
"1447893650-524 3RD AVENUE CORP","\\bkofficesa.file.core.windows.net\public\IT Temp\Synergy Export\1447893650-524 3RD AVENUE CORP","Not Found","0"
"1447897727-TREE STREET LLC","\\bkofficesa.file.core.windows.net\public\IT Temp\Synergy Export\1447897727-TREE STREET LLC","Not Found","0"
"1414275949-LUIS G QUINDE","\\bkofficesa.file.core.windows.net\public\IT Temp\Synergy Export\1414275949-LUIS G QUINDE","Has Files","1"
"1447897222-888 U LLC","\\bkofficesa.file.core.windows.net\public\IT Temp\Synergy Export\1447897222-888 U LLC","Has Files","3"
"1447904077-A. INTERNATIONAL CITY I","\\bkofficesa.file.core.windows.net\public\IT Temp\Synergy Export\1447904077-A. INTERNATIONAL CITY I","Has Files","111"
"1447894419-499 VANDERBILT LLC","\\bkofficesa.file.core.windows.net\public\IT Temp\Synergy Export\1447894419-499 VANDERBILT LLC","Has Files","5"
"1414261097-CEZARY KEPKA","\\bkofficesa.file.core.windows.net\public\IT Temp\Synergy Export\1414261097-CEZARY KEPKA","Not Found","0"
"1447903525-427 MARION STREET LLC","\\bkofficesa.file.core.windows.net\public\IT Temp\Synergy Export\1447903525-427 MARION STREET LLC","Not Found","0"
"1414278786-GIULIANO CATINI","\\bkofficesa.file.core.windows.net\public\IT Temp\Synergy Export\1414278786-GIULIANO CATINI","Not Found","0"
"1447903889-814 RHINELANDER REALTY","\\bkofficesa.file.core.windows.net\public\IT Temp\Synergy Export\1447903889-814 RHINELANDER REALTY","Has Files","8"
"1447903384-FULTON NY LLC","\\bkofficesa.file.core.windows.net\public\IT Temp\Synergy Export\1447903384-FULTON NY LLC","Has Files","1"
"1414260446-3048 BRIGHTON LLC","\\bkofficesa.file.core.windows.net\public\IT Temp\Synergy Export\1414260446-3048 BRIGHTON LLC","Not Found","0"
"1414273829-TEMP REALTY CORP.","\\bkofficesa.file.core.windows.net\public\IT Temp\Synergy Export\1414273829-TEMP REALTY CORP.","Not Found","0"
"1414217859-CATERINA OWNERS INC","\\bkofficesa.file.core.windows.net\public\IT Temp\Synergy Export\1414217859-CATERINA OWNERS INC","Has Files","3"
"1414219822-ALVAZ CONSTRUCTION CORP","\\bkofficesa.file.core.windows.net\public\IT Temp\Synergy Export\1414219822-ALVAZ CONSTRUCTION CORP","Has Files","1"
"1414280568-206 SUNNYSIDE LLC","\\bkofficesa.file.core.windows.net\public\IT Temp\Synergy Export\1414280568-206 SUNNYSIDE LLC","Not Found","0"
"1464017712-KL SCHAEFER REALTY LLC","\\bkofficesa.file.core.windows.net\public\IT Temp\Synergy Export\1464017712-KL SCHAEFER REALTY LLC","Not Found","0"
"1414224418-M & L GROUP PROPERTIES","\\bkofficesa.file.core.windows.net\public\IT Temp\Synergy Export\1414224418-M & L GROUP PROPERTIES","Has Files","1"
"1414269447-1654 GRAND AVENUE REALT","\\bkofficesa.file.core.windows.net\public\IT Temp\Synergy Export\1414269447-1654 GRAND AVENUE REALT","Has Files","1"
"1414220705-ORION REALTY LLC","\\bkofficesa.file.core.windows.net\public\IT Temp\Synergy Export\1414220705-ORION REALTY LLC","Not Found","0"
"1447900919-316 EAST 77TH LLC","\\bkofficesa.file.core.windows.net\public\IT Temp\Synergy Export\1447900919-316 EAST 77TH LLC","Has Files","1"
"1447920610-EAST 232 LLC","\\bkofficesa.file.core.windows.net\public\IT Temp\Synergy Export\1447920610-EAST 232 LLC","Not Found","0"
"1414260131-BEN YAN CHEN","\\bkofficesa.file.core.windows.net\public\IT Temp\Synergy Export\1414260131-BEN YAN CHEN","Not Found","0"
"1447923754-SOLOMON BURKE CORP.","\\bkofficesa.file.core.windows.net\public\IT Temp\Synergy Export\1447923754-SOLOMON BURKE CORP.","Has Files","1"
"1447918069-223 A N REALTY LLC","\\bkofficesa.file.core.windows.net\public\IT Temp\Synergy Export\1447918069-223 A N REALTY LLC","Has Files","1"
"1414276772-FIRST MANAGEMENT PARTNE","\\bkofficesa.file.core.windows.net\public\IT Temp\Synergy Export\1414276772-FIRST MANAGEMENT PARTNE","Not Found","0"
"1414190270-REHANA HANIF","\\bkofficesa.file.core.windows.net\public\IT Temp\Synergy Export\1414190270-REHANA HANIF","Not Found","0"
"1414235422-ROBERT SINKEVITCH","\\bkofficesa.file.core.windows.net\public\IT Temp\Synergy Export\1414235422-ROBERT SINKEVITCH","Not Found","0"
"1414246940-GIUSEPPE DIVINCENZO","\\bkofficesa.file.core.windows.net\public\IT Temp\Synergy Export\1414246940-GIUSEPPE DIVINCENZO","Not Found","0"
"1414275725-26 AVENUE O REALTY, INC","\\bkofficesa.file.core.windows.net\public\IT Temp\Synergy Export\1414275725-26 AVENUE O REALTY, INC","Not Found","0"
"1414275535-LITTLE GREEN HOUSES, LL","\\bkofficesa.file.core.windows.net\public\IT Temp\Synergy Export\1414275535-LITTLE GREEN HOUSES, LL","Has Files","1"
"1414253367-547W187 STREET CORP.","\\bkofficesa.file.core.windows.net\public\IT Temp\Synergy Export\1414253367-547W187 STREET CORP.","Has Files","1"
"1414225035-C&L     REALTY LLC","\\bkofficesa.file.core.windows.net\public\IT Temp\Synergy Export\1414225035-C&L     REALTY LLC","Has Files","2"
"1447901362-SHELDASH LLC","\\bkofficesa.file.core.windows.net\public\IT Temp\Synergy Export\1447901362-SHELDASH LLC","Has Files","1"
"1447895408-MANNY REALTY LLC","\\bkofficesa.file.core.windows.net\public\IT Temp\Synergy Export\1447895408-MANNY REALTY LLC","Not Found","0"
"1414188688-LORNA WORSLEY","\\bkofficesa.file.core.windows.net\public\IT Temp\Synergy Export\1414188688-LORNA WORSLEY","Not Found","0"
"1447896935-372 STUYVESANT AVENUE L","\\bkofficesa.file.core.windows.net\public\IT Temp\Synergy Export\1447896935-372 STUYVESANT AVENUE L","Has Files","3"
"1447904234-YSLW WEBSTER LLC","\\bkofficesa.file.core.windows.net\public\IT Temp\Synergy Export\1447904234-YSLW WEBSTER LLC","Has Files","156"
"1447896471-JLAG REALTY LLC","\\bkofficesa.file.core.windows.net\public\IT Temp\Synergy Export\1447896471-JLAG REALTY LLC","Not Found","0"
"1447900380-DIEGO CINQUEMANI TRUSTE","\\bkofficesa.file.core.windows.net\public\IT Temp\Synergy Export\1447900380-DIEGO CINQUEMANI TRUSTE","Not Found","0"
"1414184117-AMARANTE TAPIA","\\bkofficesa.file.core.windows.net\public\IT Temp\Synergy Export\1414184117-AMARANTE TAPIA","Not Found","0"
"1414265791-HASANAGA LLC","\\bkofficesa.file.core.windows.net\public\IT Temp\Synergy Export\1414265791-HASANAGA LLC","Not Found","0"
"1447918085-28 PELL LLC","\\bkofficesa.file.core.windows.net\public\IT Temp\Synergy Export\1447918085-28 PELL LLC","Not Found","0"
"1447917723-1272 HOLDING LTD","\\bkofficesa.file.core.windows.net\public\IT Temp\Synergy Export\1447917723-1272 HOLDING LTD","Has Files","3"
"1447901180-RIZA KASNECI","\\bkofficesa.file.core.windows.net\public\IT Temp\Synergy Export\1447901180-RIZA KASNECI","Not Found","0"
"1447901396-79 TAFT LLC","\\bkofficesa.file.core.windows.net\public\IT Temp\Synergy Export\1447901396-79 TAFT LLC","Has Files","1"
"1464016797-HAU LLC","\\bkofficesa.file.core.windows.net\public\IT Temp\Synergy Export\1464016797-HAU LLC","Has Files","1"
"1414264687-MAA REALTY LLC","\\bkofficesa.file.core.windows.net\public\IT Temp\Synergy Export\1414264687-MAA REALTY LLC","Not Found","0"
"1414276269-ZORAN ILIC","\\bkofficesa.file.core.windows.net\public\IT Temp\Synergy Export\1414276269-ZORAN ILIC","Not Found","0"
"1447919786-405 WEBSTER AVENUE ASSO","\\bkofficesa.file.core.windows.net\public\IT Temp\Synergy Export\1447919786-405 WEBSTER AVENUE ASSO","Has Files","1"
"1414223337-FOUR MANHATTAN LLC","\\bkofficesa.file.core.windows.net\public\IT Temp\Synergy Export\1414223337-FOUR MANHATTAN LLC","Has Files","3"
"1414200798-NIDAL MUKATTASH","\\bkofficesa.file.core.windows.net\public\IT Temp\Synergy Export\1414200798-NIDAL MUKATTASH","Not Found","0"
"1414276137-343 EAST 53 REALTY LLC","\\bkofficesa.file.core.windows.net\public\IT Temp\Synergy Export\1414276137-343 EAST 53 REALTY LLC","Not Found","0"
"1414266179-DW YU LLC","\\bkofficesa.file.core.windows.net\public\IT Temp\Synergy Export\1414266179-DW YU LLC","Not Found","0"
"1414263457-VIBA LLC","\\bkofficesa.file.core.windows.net\public\IT Temp\Synergy Export\1414263457-VIBA LLC","Not Found","0"
"1414272573-ITZHAK LAHIANY","\\bkofficesa.file.core.windows.net\public\IT Temp\Synergy Export\1414272573-ITZHAK LAHIANY","Not Found","0"
"1447922491-C&L 1107-1115 REALTY LL","\\bkofficesa.file.core.windows.net\public\IT Temp\Synergy Export\1447922491-C&L 1107-1115 REALTY LL","Not Found","0"
"1447896489-ROBIN ELI EMMA LLC","\\bkofficesa.file.core.windows.net\public\IT Temp\Synergy Export\1447896489-ROBIN ELI EMMA LLC","Not Found","0"
"1447903103-E NAOMI INC","\\bkofficesa.file.core.windows.net\public\IT Temp\Synergy Export\1447903103-E NAOMI INC","Not Found","0"
"1414276020-NORTH INWOOD PROPERTIES","\\bkofficesa.file.core.windows.net\public\IT Temp\Synergy Export\1414276020-NORTH INWOOD PROPERTIES","Not Found","0"
"1447917582-M N MANAGEMENT CORP","\\bkofficesa.file.core.windows.net\public\IT Temp\Synergy Export\1447917582-M N MANAGEMENT CORP","Not Found","0"
"1447903962-CARRICK HOMES, INC","\\bkofficesa.file.core.windows.net\public\IT Temp\Synergy Export\1447903962-CARRICK HOMES, INC","Not Found","0"
"1447902980-HORMEDO PENA","\\bkofficesa.file.core.windows.net\public\IT Temp\Synergy Export\1447902980-HORMEDO PENA","Not Found","0"
"1414268175-G & G ASSOCIATED LLC","\\bkofficesa.file.core.windows.net\public\IT Temp\Synergy Export\1414268175-G & G ASSOCIATED LLC","Not Found","0"
"1414218170-ADHY ADVISORS LLC","\\bkofficesa.file.core.windows.net\public\IT Temp\Synergy Export\1414218170-ADHY ADVISORS LLC","Not Found","0"
"1407051349-BEVERLY HILLS A CORP","\\bkofficesa.file.core.windows.net\public\IT Temp\Synergy Export\1407051349-BEVERLY HILLS A CORP","Not Found","0"
"1447896513-7001 PARTNERS LLC","\\bkofficesa.file.core.windows.net\public\IT Temp\Synergy Export\1447896513-7001 PARTNERS LLC","Not Found","0"
"1447921642-HY LES LLC","\\bkofficesa.file.core.windows.net\public\IT Temp\Synergy Export\1447921642-HY LES LLC","Not Found","0"
"1447895044-1243 DEAN STREET LLC","\\bkofficesa.file.core.windows.net\public\IT Temp\Synergy Export\1447895044-1243 DEAN STREET LLC","Not Found","0"
"1447892058-J R 168 REALTY INC","\\bkofficesa.file.core.windows.net\public\IT Temp\Synergy Export\1447892058-J R 168 REALTY INC","Not Found","0"
"1414246585-ASQUITH GRIFFITH","\\bkofficesa.file.core.windows.net\public\IT Temp\Synergy Export\1414246585-ASQUITH GRIFFITH","Not Found","0"
"1414262384-LULA ESTATES LLC","\\bkofficesa.file.core.windows.net\public\IT Temp\Synergy Export\1414262384-LULA ESTATES LLC","Not Found","0"
"1447900661-CHO XIAO JUAN CHAN","\\bkofficesa.file.core.windows.net\public\IT Temp\Synergy Export\1447900661-CHO XIAO JUAN CHAN","Not Found","0"
"1414280758-MICHELE RUGGIERO","\\bkofficesa.file.core.windows.net\public\IT Temp\Synergy Export\1414280758-MICHELE RUGGIERO","Not Found","0"
"1414183358-FAIK MRKULIC","\\bkofficesa.file.core.windows.net\public\IT Temp\Synergy Export\1414183358-FAIK MRKULIC","Not Found","0"
"1414276004-LUIGI MURDOCCA","\\bkofficesa.file.core.windows.net\public\IT Temp\Synergy Export\1414276004-LUIGI MURDOCCA","Not Found","0"
"1447903210-MOH REALTY CORP.","\\bkofficesa.file.core.windows.net\public\IT Temp\Synergy Export\1447903210-MOH REALTY CORP.","Not Found","0"
"1414262400-DW FUNG INC.","\\bkofficesa.file.core.windows.net\public\IT Temp\Synergy Export\1414262400-DW FUNG INC.","Not Found","0"
"1414241073-ANTONIO J. MOROCHO","\\bkofficesa.file.core.windows.net\public\IT Temp\Synergy Export\1414241073-ANTONIO J. MOROCHO","Not Found","0"
"1447892900-MEI CHAI LIN","\\bkofficesa.file.core.windows.net\public\IT Temp\Synergy Export\1447892900-MEI CHAI LIN","Not Found","0"
"1414266096-612 & 4205 PROPERTY INC","\\bkofficesa.file.core.windows.net\public\IT Temp\Synergy Export\1414266096-612 & 4205 PROPERTY INC","Not Found","0"
"1447896703-1748 MONROE AVENUE CORP","\\bkofficesa.file.core.windows.net\public\IT Temp\Synergy Export\1447896703-1748 MONROE AVENUE CORP","Not Found","0"
"1414279222-WONG 678 BROADWAY CORP.","\\bkofficesa.file.core.windows.net\public\IT Temp\Synergy Export\1414279222-WONG 678 BROADWAY CORP.","Not Found","0"
"1414225514-ROCHAMBEAU REALTY &DEVE","\\bkofficesa.file.core.windows.net\public\IT Temp\Synergy Export\1414225514-ROCHAMBEAU REALTY &DEVE","Not Found","0"
"1414264786-PANEQUE TENANCIES LLC","\\bkofficesa.file.core.windows.net\public\IT Temp\Synergy Export\1414264786-PANEQUE TENANCIES LLC","Not Found","0"
"1414271161-JAMES MORA","\\bkofficesa.file.core.windows.net\public\IT Temp\Synergy Export\1414271161-JAMES MORA","Not Found","0"
"1447898576-2023 70TH STREET LLC","\\bkofficesa.file.core.windows.net\public\IT Temp\Synergy Export\1447898576-2023 70TH STREET LLC","Not Found","0"
"1414267136-339 MYRTLE LLC","\\bkofficesa.file.core.windows.net\public\IT Temp\Synergy Export\1414267136-339 MYRTLE LLC","Not Found","0"
"1414280337-147 NORMAN LLC","\\bkofficesa.file.core.windows.net\public\IT Temp\Synergy Export\1414280337-147 NORMAN LLC","Not Found","0"
"1447903186-3231 GREENPOINT LLC","\\bkofficesa.file.core.windows.net\public\IT Temp\Synergy Export\1447903186-3231 GREENPOINT LLC","Not Found","0"
"1447902964-TITA VICKY PROPERTIES L","\\bkofficesa.file.core.windows.net\public\IT Temp\Synergy Export\1447902964-TITA VICKY PROPERTIES L","Not Found","0"
"1414191260-LIANG QIN SONG","\\bkofficesa.file.core.windows.net\public\IT Temp\Synergy Export\1414191260-LIANG QIN SONG","Not Found","0"
"1414265320-WNL TOP ONE REALTY, LLC","\\bkofficesa.file.core.windows.net\public\IT Temp\Synergy Export\1414265320-WNL TOP ONE REALTY, LLC","Not Found","0"
"1447893692-20 W 27TH STREET OWNERS","\\bkofficesa.file.core.windows.net\public\IT Temp\Synergy Export\1447893692-20 W 27TH STREET OWNERS","Not Found","0"
"1414201051-K.H.W. LLC. REALTY","\\bkofficesa.file.core.windows.net\public\IT Temp\Synergy Export\1414201051-K.H.W. LLC. REALTY","Not Found","0"
"1447901206-30-49 82ND ST LLC","\\bkofficesa.file.core.windows.net\public\IT Temp\Synergy Export\1447901206-30-49 82ND ST LLC","Not Found","0"
"1414263465-WWLC 39 AVE LLC","\\bkofficesa.file.core.windows.net\public\IT Temp\Synergy Export\1414263465-WWLC 39 AVE LLC","Not Found","0"
"1447921972-OHR ELIEZER LLC","\\bkofficesa.file.core.windows.net\public\IT Temp\Synergy Export\1447921972-OHR ELIEZER LLC","Not Found","0"
"1447901420-HAB NOTE LLC","\\bkofficesa.file.core.windows.net\public\IT Temp\Synergy Export\1447901420-HAB NOTE LLC","Not Found","0"
"1414215911-363-369 LINDEN REALTY L","\\bkofficesa.file.core.windows.net\public\IT Temp\Synergy Export\1414215911-363-369 LINDEN REALTY L","Not Found","0"
"1414216331-NOTARO FAMILY LTD PARTN","\\bkofficesa.file.core.windows.net\public\IT Temp\Synergy Export\1414216331-NOTARO FAMILY LTD PARTN","Not Found","0"
"1447898923-3832 FLATLANDS AVE LLC","\\bkofficesa.file.core.windows.net\public\IT Temp\Synergy Export\1447898923-3832 FLATLANDS AVE LLC","Not Found","0"
"1447904184-508 WEST 157 STREET  LL","\\bkofficesa.file.core.windows.net\public\IT Temp\Synergy Export\1447904184-508 WEST 157 STREET  LL","Empty","0"
"1414266831-FERNANDINO DEVERS","\\bkofficesa.file.core.windows.net\public\IT Temp\Synergy Export\1414266831-FERNANDINO DEVERS","Not Found","0"
"1414267813-RAY CHEN","\\bkofficesa.file.core.windows.net\public\IT Temp\Synergy Export\1414267813-RAY CHEN","Not Found","0"
"1414216497-O & R REALTY GROUP, LLC","\\bkofficesa.file.core.windows.net\public\IT Temp\Synergy Export\1414216497-O & R REALTY GROUP, LLC","Not Found","0"
"1447901271-GHEORGHE TILNEAC","\\bkofficesa.file.core.windows.net\public\IT Temp\Synergy Export\1447901271-GHEORGHE TILNEAC","Not Found","0"
"1414224335-1356 WALTON AVE LLC","\\bkofficesa.file.core.windows.net\public\IT Temp\Synergy Export\1414224335-1356 WALTON AVE LLC","Not Found","0"
"1414216380-533 EAST 87TH ST REALTY","\\bkofficesa.file.core.windows.net\public\IT Temp\Synergy Export\1414216380-533 EAST 87TH ST REALTY","Not Found","0"
"1414267805-37-09 24TH AVENUE REALT","\\bkofficesa.file.core.windows.net\public\IT Temp\Synergy Export\1414267805-37-09 24TH AVENUE REALT","Not Found","0"
"1414263655-MCARTHUR GROUP LLC","\\bkofficesa.file.core.windows.net\public\IT Temp\Synergy Export\1414263655-MCARTHUR GROUP LLC","Not Found","0"
"1414277879-JIANOU CHEN","\\bkofficesa.file.core.windows.net\public\IT Temp\Synergy Export\1414277879-JIANOU CHEN","Not Found","0"
"1414224962-ROYAL HARLEM LLC","\\bkofficesa.file.core.windows.net\public\IT Temp\Synergy Export\1414224962-ROYAL HARLEM LLC","Not Found","0"
"1414231256-NORMA HALL","\\bkofficesa.file.core.windows.net\public\IT Temp\Synergy Export\1414231256-NORMA HALL","Not Found","0"
"1447896885-GLEAMER PROPERTIES LLC","\\bkofficesa.file.core.windows.net\public\IT Temp\Synergy Export\1447896885-GLEAMER PROPERTIES LLC","Not Found","0"
"1414277929-A & C INV CORP","\\bkofficesa.file.core.windows.net\public\IT Temp\Synergy Export\1414277929-A & C INV CORP","Not Found","0"
"1447918663-47 W 130TH REALTY CORP","\\bkofficesa.file.core.windows.net\public\IT Temp\Synergy Export\1447918663-47 W 130TH REALTY CORP","Not Found","0"
"1447917657-GOGO REALTY CORP","\\bkofficesa.file.core.windows.net\public\IT Temp\Synergy Export\1447917657-GOGO REALTY CORP","Not Found","0"
"1414258507-CPN REALTY, LLC","\\bkofficesa.file.core.windows.net\public\IT Temp\Synergy Export\1414258507-CPN REALTY, LLC","Not Found","0"
"1414277523-UNITED MANAGERMENT LLC","\\bkofficesa.file.core.windows.net\public\IT Temp\Synergy Export\1414277523-UNITED MANAGERMENT LLC","Not Found","0"
"1414229029-FRANCESCO GRIPPI","\\bkofficesa.file.core.windows.net\public\IT Temp\Synergy Export\1414229029-FRANCESCO GRIPPI","Not Found","0"
"1414253854-CURCIO REALT INTERNATIO","\\bkofficesa.file.core.windows.net\public\IT Temp\Synergy Export\1414253854-CURCIO REALT INTERNATIO","Not Found","0"
"1414192888-ALI NOGUR REAL ESTATES","\\bkofficesa.file.core.windows.net\public\IT Temp\Synergy Export\1414192888-ALI NOGUR REAL ESTATES","Not Found","0"
"1447921832-450 OCEAN PARKWAY TOWER","\\bkofficesa.file.core.windows.net\public\IT Temp\Synergy Export\1447921832-450 OCEAN PARKWAY TOWER","Not Found","0"
"1447899251-8101-09 20TH AVE REALTY","\\bkofficesa.file.core.windows.net\public\IT Temp\Synergy Export\1447899251-8101-09 20TH AVE REALTY","Not Found","0"
"1447920875-CRISCO REALTY LLC","\\bkofficesa.file.core.windows.net\public\IT Temp\Synergy Export\1447920875-CRISCO REALTY LLC","Not Found","0"
"1414215457-LUCKY NATIONAL MANAGEME","\\bkofficesa.file.core.windows.net\public\IT Temp\Synergy Export\1414215457-LUCKY NATIONAL MANAGEME","Not Found","0"
"1414276343-ADALIZ ARCE","\\bkofficesa.file.core.windows.net\public\IT Temp\Synergy Export\1414276343-ADALIZ ARCE","Not Found","0"
"1414272979-LI YU YANG","\\bkofficesa.file.core.windows.net\public\IT Temp\Synergy Export\1414272979-LI YU YANG","Not Found","0"
"1414237113-GORDON DMJ, INC.","\\bkofficesa.file.core.windows.net\public\IT Temp\Synergy Export\1414237113-GORDON DMJ, INC.","Not Found","0"
"1414222982-1145 REALTY LLC","\\bkofficesa.file.core.windows.net\public\IT Temp\Synergy Export\1414222982-1145 REALTY LLC","Has Files","2"
"1414218303-FUNG REALTY CORP","\\bkofficesa.file.core.windows.net\public\IT Temp\Synergy Export\1414218303-FUNG REALTY CORP","Not Found","0"
"1414244739-1648-1650 TA LLC","\\bkofficesa.file.core.windows.net\public\IT Temp\Synergy Export\1414244739-1648-1650 TA LLC","Has Files","1"
"1447903855-3155 35TH STREET REALTY","\\bkofficesa.file.core.windows.net\public\IT Temp\Synergy Export\1447903855-3155 35TH STREET REALTY","Has Files","1"
"1447897263-ATAUR RAHIM MIAH","\\bkofficesa.file.core.windows.net\public\IT Temp\Synergy Export\1447897263-ATAUR RAHIM MIAH","Not Found","0"
"1414279529-R & R 45 LLC","\\bkofficesa.file.core.windows.net\public\IT Temp\Synergy Export\1414279529-R & R 45 LLC","Not Found","0"
"1414282325-452 40TH STREET LLC","\\bkofficesa.file.core.windows.net\public\IT Temp\Synergy Export\1414282325-452 40TH STREET LLC","Has Files","1"
"1447900364-KONSTANTINOS REALTY LLC","\\bkofficesa.file.core.windows.net\public\IT Temp\Synergy Export\1447900364-KONSTANTINOS REALTY LLC","Not Found","0"
"1447903293-153 DUPONT ST LLC","\\bkofficesa.file.core.windows.net\public\IT Temp\Synergy Export\1447903293-153 DUPONT ST LLC","Has Files","5"
"1447903392-WOODHULL 3 LLC","\\bkofficesa.file.core.windows.net\public\IT Temp\Synergy Export\1447903392-WOODHULL 3 LLC","Has Files","2"
"1447922087-240 EAST 32ND OWNERS CO","\\bkofficesa.file.core.windows.net\public\IT Temp\Synergy Export\1447922087-240 EAST 32ND OWNERS CO","Has Files","3"
"1414227023-KIMBERLY PLACE REALTY C","\\bkofficesa.file.core.windows.net\public\IT Temp\Synergy Export\1414227023-KIMBERLY PLACE REALTY C","Has Files","1"
"1447904002-CHASDEI HASHEM 81 LLC","\\bkofficesa.file.core.windows.net\public\IT Temp\Synergy Export\1447904002-CHASDEI HASHEM 81 LLC","Has Files","8"
"1447899129-368 STATE STREET OWNERS","\\bkofficesa.file.core.windows.net\public\IT Temp\Synergy Export\1447899129-368 STATE STREET OWNERS","Empty","0"
"1414230316-ALBERT KALLATI","\\bkofficesa.file.core.windows.net\public\IT Temp\Synergy Export\1414230316-ALBERT KALLATI","Not Found","0"
"1414279354-897 NEPPERHAN PROPERTY","\\bkofficesa.file.core.windows.net\public\IT Temp\Synergy Export\1414279354-897 NEPPERHAN PROPERTY","Not Found","0"
"1447896257-DINA REALTY 246 LLC","\\bkofficesa.file.core.windows.net\public\IT Temp\Synergy Export\1447896257-DINA REALTY 246 LLC","Not Found","0"
"1414258663-SIMON POPOVIC","\\bkofficesa.file.core.windows.net\public\IT Temp\Synergy Export\1414258663-SIMON POPOVIC","Not Found","0"
"1414265338-MAN'S NY LLC","\\bkofficesa.file.core.windows.net\public\IT Temp\Synergy Export\1414265338-MAN'S NY LLC","Not Found","0"
"1447919794-189TH STREET LLC","\\bkofficesa.file.core.windows.net\public\IT Temp\Synergy Export\1447919794-189TH STREET LLC","Has Files","1"
"1447894195-FRANK M NIGRO","\\bkofficesa.file.core.windows.net\public\IT Temp\Synergy Export\1447894195-FRANK M NIGRO","Has Files","1"
"1414280881-AIRAT ADEJOBI","\\bkofficesa.file.core.windows.net\public\IT Temp\Synergy Export\1414280881-AIRAT ADEJOBI","Not Found","0"
"1414238277-CONRAD RICHARDS","\\bkofficesa.file.core.windows.net\public\IT Temp\Synergy Export\1414238277-CONRAD RICHARDS","Not Found","0"
"1414267128-395 HANCOCK STREET LLC","\\bkofficesa.file.core.windows.net\public\IT Temp\Synergy Export\1414267128-395 HANCOCK STREET LLC","Not Found","0"
"1447900034-DAVID SCHNEIDER","\\bkofficesa.file.core.windows.net\public\IT Temp\Synergy Export\1447900034-DAVID SCHNEIDER","Not Found","0"
"1447919208-1726 REALTY LLC","\\bkofficesa.file.core.windows.net\public\IT Temp\Synergy Export\1447919208-1726 REALTY LLC","Has Files","1"
"1414224368-1944 HOLDING LTD","\\bkofficesa.file.core.windows.net\public\IT Temp\Synergy Export\1414224368-1944 HOLDING LTD","Has Files","1"
"1447903111-PALEOPIRGOS LLC","\\bkofficesa.file.core.windows.net\public\IT Temp\Synergy Export\1447903111-PALEOPIRGOS LLC","Has Files","5"
"1464016656-GW BOERUM LLC","\\bkofficesa.file.core.windows.net\public\IT Temp\Synergy Export\1464016656-GW BOERUM LLC","Has Files","1"
"1447899061-MC REALTY 254 LLC","\\bkofficesa.file.core.windows.net\public\IT Temp\Synergy Export\1447899061-MC REALTY 254 LLC","Not Found","0"
"1414282259-ERASMO QUEZADA","\\bkofficesa.file.core.windows.net\public\IT Temp\Synergy Export\1414282259-ERASMO QUEZADA","Not Found","0"
"1414258929-54 NORTH HIGH STREET RE","\\bkofficesa.file.core.windows.net\public\IT Temp\Synergy Export\1414258929-54 NORTH HIGH STREET RE","Not Found","0"
"1414233229-DONACIANO MACARENO","\\bkofficesa.file.core.windows.net\public\IT Temp\Synergy Export\1414233229-DONACIANO MACARENO","Not Found","0"
"1464015062-2037 PALMETTO ST LLC","\\bkofficesa.file.core.windows.net\public\IT Temp\Synergy Export\1464015062-2037 PALMETTO ST LLC","Not Found","0"
"1447892504-769 4TH AVE HOUSING LLC","\\bkofficesa.file.core.windows.net\public\IT Temp\Synergy Export\1447892504-769 4TH AVE HOUSING LLC","Has Files","2"
"1414275329-306 W. 4 OWNERS CORP.","\\bkofficesa.file.core.windows.net\public\IT Temp\Synergy Export\1414275329-306 W. 4 OWNERS CORP.","Not Found","0"
"1447899962-MATTHEW E POPE","\\bkofficesa.file.core.windows.net\public\IT Temp\Synergy Export\1447899962-MATTHEW E POPE","Has Files","1"
"1447921741-311 ELDERT REALTY LLC","\\bkofficesa.file.core.windows.net\public\IT Temp\Synergy Export\1447921741-311 ELDERT REALTY LLC","Has Files","1"
"1447899269-1309 HARROD REALTY LLC","\\bkofficesa.file.core.windows.net\public\IT Temp\Synergy Export\1447899269-1309 HARROD REALTY LLC","Has Files","3"
"1414257756-751 REALTY CORP.","\\bkofficesa.file.core.windows.net\public\IT Temp\Synergy Export\1414257756-751 REALTY CORP.","Has Files","1"
"1414223550-DIXWELL GIBBS LLC","\\bkofficesa.file.core.windows.net\public\IT Temp\Synergy Export\1414223550-DIXWELL GIBBS LLC","Has Files","1"
"1447901545-335 WEST 84TH LLC","\\bkofficesa.file.core.windows.net\public\IT Temp\Synergy Export\1447901545-335 WEST 84TH LLC","Not Found","0"
"1447904200-MSNP REALTY LLC","\\bkofficesa.file.core.windows.net\public\IT Temp\Synergy Export\1447904200-MSNP REALTY LLC","Has Files","71"
"1447919109-61 ST 39TH AVENUE LLC","\\bkofficesa.file.core.windows.net\public\IT Temp\Synergy Export\1447919109-61 ST 39TH AVENUE LLC","Not Found","0"
"1447922657-POST AVE COMMONS LLC","\\bkofficesa.file.core.windows.net\public\IT Temp\Synergy Export\1447922657-POST AVE COMMONS LLC","Not Found","0"
"1414255693-ALBERT MIHELIC","\\bkofficesa.file.core.windows.net\public\IT Temp\Synergy Export\1414255693-ALBERT MIHELIC","Not Found","0"
"1414266336-24-45 27 ST LLC","\\bkofficesa.file.core.windows.net\public\IT Temp\Synergy Export\1414266336-24-45 27 ST LLC","Has Files","1"
"1414197150-MANANTIAL REALTY LLC","\\bkofficesa.file.core.windows.net\public\IT Temp\Synergy Export\1414197150-MANANTIAL REALTY LLC","Not Found","0"
"1464016300-RLG KINGSLAND LLC","\\bkofficesa.file.core.windows.net\public\IT Temp\Synergy Export\1464016300-RLG KINGSLAND LLC","Not Found","0"
"1447901156-RMW 294 LLC","\\bkofficesa.file.core.windows.net\public\IT Temp\Synergy Export\1447901156-RMW 294 LLC","Has Files","1"
"1447920099-175 SKILLMAN REALTY LLC","\\bkofficesa.file.core.windows.net\public\IT Temp\Synergy Export\1447920099-175 SKILLMAN REALTY LLC","Has Files","1"
"1447901149-UNION PROP HOLDINGS LLC","\\bkofficesa.file.core.windows.net\public\IT Temp\Synergy Export\1447901149-UNION PROP HOLDINGS LLC","Not Found","0"
"1414280642-OPEL TOO, INC.","\\bkofficesa.file.core.windows.net\public\IT Temp\Synergy Export\1414280642-OPEL TOO, INC.","Not Found","0"
"1447897545-SADOO REAL ESTATE LLC","\\bkofficesa.file.core.windows.net\public\IT Temp\Synergy Export\1447897545-SADOO REAL ESTATE LLC","Not Found","0"
"1447918754-453 40TH STREET LLC","\\bkofficesa.file.core.windows.net\public\IT Temp\Synergy Export\1447918754-453 40TH STREET LLC","Has Files","1"
"1414242600-RADE KONSTANTIN","\\bkofficesa.file.core.windows.net\public\IT Temp\Synergy Export\1414242600-RADE KONSTANTIN","Not Found","0"
"1464016532-591 MADISON LLC","\\bkofficesa.file.core.windows.net\public\IT Temp\Synergy Export\1464016532-591 MADISON LLC","Not Found","0"
"1447922400-RIZARO LAWRENCE LLC","\\bkofficesa.file.core.windows.net\public\IT Temp\Synergy Export\1447922400-RIZARO LAWRENCE LLC","Has Files","3"
"1414281939-MIHAIL KATSAROS","\\bkofficesa.file.core.windows.net\public\IT Temp\Synergy Export\1414281939-MIHAIL KATSAROS","Not Found","0"
"1414259182-MUSTAFA PAPRANIKU","\\bkofficesa.file.core.windows.net\public\IT Temp\Synergy Export\1414259182-MUSTAFA PAPRANIKU","Not Found","0"
"1447892314-VPX INC","\\bkofficesa.file.core.windows.net\public\IT Temp\Synergy Export\1447892314-VPX INC","Not Found","0"
"1414280063-1665 PALMETTO LLC","\\bkofficesa.file.core.windows.net\public\IT Temp\Synergy Export\1414280063-1665 PALMETTO LLC","Not Found","0"
"1414275527-429 GROVE LLC","\\bkofficesa.file.core.windows.net\public\IT Temp\Synergy Export\1414275527-429 GROVE LLC","Not Found","0"
"1414267714-FULL CIRCLE PROPERTY LL","\\bkofficesa.file.core.windows.net\public\IT Temp\Synergy Export\1414267714-FULL CIRCLE PROPERTY LL","Has Files","102"
"1447902907-SURESH RAMPERSAUD","\\bkofficesa.file.core.windows.net\public\IT Temp\Synergy Export\1447902907-SURESH RAMPERSAUD","Not Found","0"
"1414280253-217 NASSAU AVENUE LLC","\\bkofficesa.file.core.windows.net\public\IT Temp\Synergy Export\1414280253-217 NASSAU AVENUE LLC","Has Files","1"
"1447899012-161 MANAGEMENT LLC","\\bkofficesa.file.core.windows.net\public\IT Temp\Synergy Export\1447899012-161 MANAGEMENT LLC","Has Files","1"
"1414274074-48 SARA LLC","\\bkofficesa.file.core.windows.net\public\IT Temp\Synergy Export\1414274074-48 SARA LLC","Has Files","2"
"1414271021-SHEN YAO","\\bkofficesa.file.core.windows.net\public\IT Temp\Synergy Export\1414271021-SHEN YAO","Not Found","0"
"1447896083-84 ST NICHOLAS AVE BRKL","\\bkofficesa.file.core.windows.net\public\IT Temp\Synergy Export\1447896083-84 ST NICHOLAS AVE BRKL","Has Files","2"
"1414222263-JP HOE REALTY CORP","\\bkofficesa.file.core.windows.net\public\IT Temp\Synergy Export\1414222263-JP HOE REALTY CORP","Not Found","0"
"1414272987-MARIA D'AMATO","\\bkofficesa.file.core.windows.net\public\IT Temp\Synergy Export\1414272987-MARIA D'AMATO","Not Found","0"
"1414263937-1677 STERLING PLACE REA","\\bkofficesa.file.core.windows.net\public\IT Temp\Synergy Export\1414263937-1677 STERLING PLACE REA","Not Found","0"
"1447920396-JONATHAN DAO PHUNG LLC","\\bkofficesa.file.core.windows.net\public\IT Temp\Synergy Export\1447920396-JONATHAN DAO PHUNG LLC","Not Found","0"
"1447918622-937 PARK PARTNERS LLC","\\bkofficesa.file.core.windows.net\public\IT Temp\Synergy Export\1447918622-937 PARK PARTNERS LLC","Not Found","0"
"1447892942-ISHAQ INNABI","\\bkofficesa.file.core.windows.net\public\IT Temp\Synergy Export\1447892942-ISHAQ INNABI","Has Files","1"
"1414263648-679 SENECA LLC","\\bkofficesa.file.core.windows.net\public\IT Temp\Synergy Export\1414263648-679 SENECA LLC","Has Files","1"
"1447903277-C & C HOME REALTY LLC","\\bkofficesa.file.core.windows.net\public\IT Temp\Synergy Export\1447903277-C & C HOME REALTY LLC","Has Files","3"
"1447893858-152 OAKWOOD AVE LLC","\\bkofficesa.file.core.windows.net\public\IT Temp\Synergy Export\1447893858-152 OAKWOOD AVE LLC","Has Files","1"
"1414281764-ARMANDO MERINO","\\bkofficesa.file.core.windows.net\public\IT Temp\Synergy Export\1414281764-ARMANDO MERINO","Not Found","0"
"1414260099-MARIUSZ DZIEWA","\\bkofficesa.file.core.windows.net\public\IT Temp\Synergy Export\1414260099-MARIUSZ DZIEWA","Not Found","0"
"1414241040-RIMA KRIGSMAN","\\bkofficesa.file.core.windows.net\public\IT Temp\Synergy Export\1414241040-RIMA KRIGSMAN","Not Found","0"
"1414270098-JOSE GUZMAN","\\bkofficesa.file.core.windows.net\public\IT Temp\Synergy Export\1414270098-JOSE GUZMAN","Not Found","0"
"1414275857-MARIA E. GONZALEZ","\\bkofficesa.file.core.windows.net\public\IT Temp\Synergy Export\1414275857-MARIA E. GONZALEZ","Not Found","0"
"1414202836-NORMAN MCCLYMONT","\\bkofficesa.file.core.windows.net\public\IT Temp\Synergy Export\1414202836-NORMAN MCCLYMONT","Not Found","0"
"1414278463-THE BERGAMO FAMILY TRUS","\\bkofficesa.file.core.windows.net\public\IT Temp\Synergy Export\1414278463-THE BERGAMO FAMILY TRUS","Not Found","0"
"1447921337-544 MAIN STREET LLC","\\bkofficesa.file.core.windows.net\public\IT Temp\Synergy Export\1447921337-544 MAIN STREET LLC","Not Found","0"
"1414276541-FORLEY GROUP INC.","\\bkofficesa.file.core.windows.net\public\IT Temp\Synergy Export\1414276541-FORLEY GROUP INC.","Has Files","2"
"1447901750-YEHASH REALTY LLC","\\bkofficesa.file.core.windows.net\public\IT Temp\Synergy Export\1447901750-YEHASH REALTY LLC","Not Found","0"
"1447897479-NOB HILL APARTMENTS INC","\\bkofficesa.file.core.windows.net\public\IT Temp\Synergy Export\1447897479-NOB HILL APARTMENTS INC","Empty","0"
"1447898675-BROOKLYN HEIGHTS VIEW L","\\bkofficesa.file.core.windows.net\public\IT Temp\Synergy Export\1447898675-BROOKLYN HEIGHTS VIEW L","Not Found","0"
"1447899509-1559 DEKALB LLC","\\bkofficesa.file.core.windows.net\public\IT Temp\Synergy Export\1447899509-1559 DEKALB LLC","Has Files","1"
"1414225316-CONCORD HOLDINGS LLC","\\bkofficesa.file.core.windows.net\public\IT Temp\Synergy Export\1414225316-CONCORD HOLDINGS LLC","Has Files","4"
"1414227510-DUSHA KAMERAJ","\\bkofficesa.file.core.windows.net\public\IT Temp\Synergy Export\1414227510-DUSHA KAMERAJ","Not Found","0"
"1464017159-763 EAST LLC","\\bkofficesa.file.core.windows.net\public\IT Temp\Synergy Export\1464017159-763 EAST LLC","Not Found","0"
"1414279131-1415 REALTY CORP","\\bkofficesa.file.core.windows.net\public\IT Temp\Synergy Export\1414279131-1415 REALTY CORP","Not Found","0"
"1414269413-HECTOR M BRISMAN","\\bkofficesa.file.core.windows.net\public\IT Temp\Synergy Export\1414269413-HECTOR M BRISMAN","Not Found","0"
"1447892496-176 33RD ST HOUSING LLC","\\bkofficesa.file.core.windows.net\public\IT Temp\Synergy Export\1447892496-176 33RD ST HOUSING LLC","Has Files","2"
"1414277408-1917 BRP LLC","\\bkofficesa.file.core.windows.net\public\IT Temp\Synergy Export\1414277408-1917 BRP LLC","Not Found","0"
"1464016359-1350 WILLOUGHBY REALTY","\\bkofficesa.file.core.windows.net\public\IT Temp\Synergy Export\1464016359-1350 WILLOUGHBY REALTY","Not Found","0"
"1414184406-1147 PACIFIC REALTY COR","\\bkofficesa.file.core.windows.net\public\IT Temp\Synergy Export\1414184406-1147 PACIFIC REALTY COR","Not Found","0"
"1414270288-298 ATLANTIC LLC","\\bkofficesa.file.core.windows.net\public\IT Temp\Synergy Export\1414270288-298 ATLANTIC LLC","Has Files","4"
"1447897065-LUC REALTY INC","\\bkofficesa.file.core.windows.net\public\IT Temp\Synergy Export\1447897065-LUC REALTY INC","Not Found","0"
"1447916972-1219 W REALTY LLC","\\bkofficesa.file.core.windows.net\public\IT Temp\Synergy Export\1447916972-1219 W REALTY LLC","Has Files","2"
"1447903665-1005 ROGERS AVE LLC","\\bkofficesa.file.core.windows.net\public\IT Temp\Synergy Export\1447903665-1005 ROGERS AVE LLC","Has Files","2"
"1447901057-221 IRVING AVE LLC","\\bkofficesa.file.core.windows.net\public\IT Temp\Synergy Export\1447901057-221 IRVING AVE LLC","Has Files","1"
"1414267359-476 REALTY CORP","\\bkofficesa.file.core.windows.net\public\IT Temp\Synergy Export\1414267359-476 REALTY CORP","Not Found","0"
"1447893395-441 EAST 95TH REALTY LL","\\bkofficesa.file.core.windows.net\public\IT Temp\Synergy Export\1447893395-441 EAST 95TH REALTY LL","Not Found","0"
"1414279511-76 STATE STREET OWNERS","\\bkofficesa.file.core.windows.net\public\IT Temp\Synergy Export\1414279511-76 STATE STREET OWNERS","Not Found","0"
"1447892488-KDCSH REALTY LLC","\\bkofficesa.file.core.windows.net\public\IT Temp\Synergy Export\1447892488-KDCSH REALTY LLC","Not Found","0"
"1447920560-FAIRVIEW APARTMENTS LLC","\\bkofficesa.file.core.windows.net\public\IT Temp\Synergy Export\1447920560-FAIRVIEW APARTMENTS LLC","Has Files","1"
"1447917863-V K V ASSOCIATES LLC","\\bkofficesa.file.core.windows.net\public\IT Temp\Synergy Export\1447917863-V K V ASSOCIATES LLC","Has Files","2"
"1414282333-MCFOY AND SON LLC","\\bkofficesa.file.core.windows.net\public\IT Temp\Synergy Export\1414282333-MCFOY AND SON LLC","Empty","0"
"1414279057-309 WEST 84 LLC","\\bkofficesa.file.core.windows.net\public\IT Temp\Synergy Export\1414279057-309 WEST 84 LLC","Has Files","1"
"1414269967-REGOPARK 88 LLC","\\bkofficesa.file.core.windows.net\public\IT Temp\Synergy Export\1414269967-REGOPARK 88 LLC","Not Found","0"
"1414220465-AUBREY PHILLIBERT","\\bkofficesa.file.core.windows.net\public\IT Temp\Synergy Export\1414220465-AUBREY PHILLIBERT","Not Found","0"
"1414281350-EFROSINI KONTZAMANIS","\\bkofficesa.file.core.windows.net\public\IT Temp\Synergy Export\1414281350-EFROSINI KONTZAMANIS","Not Found","0"
"1447903723-3 STATE GROUP LLC","\\bkofficesa.file.core.windows.net\public\IT Temp\Synergy Export\1447903723-3 STATE GROUP LLC","Has Files","1"
"1414274264-145 SOUTH 4TH AVE, LLC","\\bkofficesa.file.core.windows.net\public\IT Temp\Synergy Export\1414274264-145 SOUTH 4TH AVE, LLC","Not Found","0"
"1414271104-DW 477 INC","\\bkofficesa.file.core.windows.net\public\IT Temp\Synergy Export\1414271104-DW 477 INC","Has Files","1"
"1414264232-JUSTIN 88 NIKKI MGT INC","\\bkofficesa.file.core.windows.net\public\IT Temp\Synergy Export\1414264232-JUSTIN 88 NIKKI MGT INC","Not Found","0"
"1414279198-23-52-56 48TH STREET, L","\\bkofficesa.file.core.windows.net\public\IT Temp\Synergy Export\1414279198-23-52-56 48TH STREET, L","Not Found","0"
"1414266229-NIAN LLC","\\bkofficesa.file.core.windows.net\public\IT Temp\Synergy Export\1414266229-NIAN LLC","Not Found","0"
"1447893866-ELENI PATRAS","\\bkofficesa.file.core.windows.net\public\IT Temp\Synergy Export\1447893866-ELENI PATRAS","Not Found","0"
"1414276988-ADDA 633 UNION STREET L","\\bkofficesa.file.core.windows.net\public\IT Temp\Synergy Export\1414276988-ADDA 633 UNION STREET L","Has Files","154"
"1447900976-780 PROSPECT LLC","\\bkofficesa.file.core.windows.net\public\IT Temp\Synergy Export\1447900976-780 PROSPECT LLC","Has Files","1"
"1414269595-DOMINICK DESIMONE","\\bkofficesa.file.core.windows.net\public\IT Temp\Synergy Export\1414269595-DOMINICK DESIMONE","Not Found","0"
"1414267995-PANEQUE METRO LLC","\\bkofficesa.file.core.windows.net\public\IT Temp\Synergy Export\1414267995-PANEQUE METRO LLC","Not Found","0"
"1414225332-94TH STREET PROPERTIES","\\bkofficesa.file.core.windows.net\public\IT Temp\Synergy Export\1414225332-94TH STREET PROPERTIES","Not Found","0"
"1414271609-HERMIELYN GREEN","\\bkofficesa.file.core.windows.net\public\IT Temp\Synergy Export\1414271609-HERMIELYN GREEN","Not Found","0"
"1414216026-RINA REALTY MANAGEMENT","\\bkofficesa.file.core.windows.net\public\IT Temp\Synergy Export\1414216026-RINA REALTY MANAGEMENT","Not Found","0"
"1414243566-ROYSTON E. JEFFREY","\\bkofficesa.file.core.windows.net\public\IT Temp\Synergy Export\1414243566-ROYSTON E. JEFFREY","Not Found","0"
"1447899293-WAYNE MITCHELL","\\bkofficesa.file.core.windows.net\public\IT Temp\Synergy Export\1447899293-WAYNE MITCHELL","Has Files","1"
"1414281004-1092 REALTY LLC","\\bkofficesa.file.core.windows.net\public\IT Temp\Synergy Export\1414281004-1092 REALTY LLC","Not Found","0"
"1414253623-HAJRADIN KOLAR","\\bkofficesa.file.core.windows.net\public\IT Temp\Synergy Export\1414253623-HAJRADIN KOLAR","Not Found","0"
"1414269975-253 WILSON LLC","\\bkofficesa.file.core.windows.net\public\IT Temp\Synergy Export\1414269975-253 WILSON LLC","Not Found","0"
"1407067261-LINCOLN A. HAMILTON","\\bkofficesa.file.core.windows.net\public\IT Temp\Synergy Export\1407067261-LINCOLN A. HAMILTON","Not Found","0"
"1464016789-2027 FIRST AVENUE LLC","\\bkofficesa.file.core.windows.net\public\IT Temp\Synergy Export\1464016789-2027 FIRST AVENUE LLC","Not Found","0"
"1414257327-IVAN NICHOLS","\\bkofficesa.file.core.windows.net\public\IT Temp\Synergy Export\1414257327-IVAN NICHOLS","Not Found","0"
"1447902881-MARCH REALTY LLC","\\bkofficesa.file.core.windows.net\public\IT Temp\Synergy Export\1447902881-MARCH REALTY LLC","Not Found","0"
"1414226959-1890 OCEAN AVE LLC","\\bkofficesa.file.core.windows.net\public\IT Temp\Synergy Export\1414226959-1890 OCEAN AVE LLC","Has Files","2"
"1447892454-IRA EVANS","\\bkofficesa.file.core.windows.net\public\IT Temp\Synergy Export\1447892454-IRA EVANS","Has Files","1"
"1414215960-KASSANDRA CAMPBELL","\\bkofficesa.file.core.windows.net\public\IT Temp\Synergy Export\1414215960-KASSANDRA CAMPBELL","Has Files","1"
"1414220788-94TH STREET TERRACE LLC","\\bkofficesa.file.core.windows.net\public\IT Temp\Synergy Export\1414220788-94TH STREET TERRACE LLC","Has Files","59"
"1447904143-SARATOGA HILL HOLDINGS","\\bkofficesa.file.core.windows.net\public\IT Temp\Synergy Export\1447904143-SARATOGA HILL HOLDINGS","Has Files","86"
"1414270700-563 8TH STREET HOUSING","\\bkofficesa.file.core.windows.net\public\IT Temp\Synergy Export\1414270700-563 8TH STREET HOUSING","Not Found","0"
"1447892827-UNITED REALTY ASSOCIATE","\\bkofficesa.file.core.windows.net\public\IT Temp\Synergy Export\1447892827-UNITED REALTY ASSOCIATE","Not Found","0"
"1414219889-STEVE KLEIN","\\bkofficesa.file.core.windows.net\public\IT Temp\Synergy Export\1414219889-STEVE KLEIN","Not Found","0"
"1414279735-AKWINDER KAUR","\\bkofficesa.file.core.windows.net\public\IT Temp\Synergy Export\1414279735-AKWINDER KAUR","Not Found","0"
"1447897917-29 PERRY OWNERS CORP","\\bkofficesa.file.core.windows.net\public\IT Temp\Synergy Export\1447897917-29 PERRY OWNERS CORP","Not Found","0"
"1414264703-DANUTA ZAWISTOWSKA","\\bkofficesa.file.core.windows.net\public\IT Temp\Synergy Export\1414264703-DANUTA ZAWISTOWSKA","Not Found","0"
"1414267235-FENTON S SEECOOMAR","\\bkofficesa.file.core.windows.net\public\IT Temp\Synergy Export\1414267235-FENTON S SEECOOMAR","Not Found","0"
"1447892892-57-59 BEECHWOOD LLC","\\bkofficesa.file.core.windows.net\public\IT Temp\Synergy Export\1447892892-57-59 BEECHWOOD LLC","Has Files","1"
"1414277184-9214 REALTY LLC","\\bkofficesa.file.core.windows.net\public\IT Temp\Synergy Export\1414277184-9214 REALTY LLC","Not Found","0"
"1414261733-PROSPECT COURT REALTY C","\\bkofficesa.file.core.windows.net\public\IT Temp\Synergy Export\1414261733-PROSPECT COURT REALTY C","Not Found","0"
"1414262657-91-18 43 AVE REALTY LLC","\\bkofficesa.file.core.windows.net\public\IT Temp\Synergy Export\1414262657-91-18 43 AVE REALTY LLC","Has Files","2"
"1414279453-772 MILLER AVE REALTY L","\\bkofficesa.file.core.windows.net\public\IT Temp\Synergy Export\1414279453-772 MILLER AVE REALTY L","Not Found","0"
"1447899699-HONG WON MANAGEMENT LLC","\\bkofficesa.file.core.windows.net\public\IT Temp\Synergy Export\1447899699-HONG WON MANAGEMENT LLC","Empty","0"
"1414261626-JAI MANAGEMENT LLC","\\bkofficesa.file.core.windows.net\public\IT Temp\Synergy Export\1414261626-JAI MANAGEMENT LLC","Not Found","0"
"1414264125-CAI & CHEN REALTY INC.","\\bkofficesa.file.core.windows.net\public\IT Temp\Synergy Export\1414264125-CAI & CHEN REALTY INC.","Not Found","0"
"1414263143-GUANG HONG LI","\\bkofficesa.file.core.windows.net\public\IT Temp\Synergy Export\1414263143-GUANG HONG LI","Has Files","1"
"1414235083-G328 LLC","\\bkofficesa.file.core.windows.net\public\IT Temp\Synergy Export\1414235083-G328 LLC","Not Found","0"
"1414266690-TONY KIT WAI HO","\\bkofficesa.file.core.windows.net\public\IT Temp\Synergy Export\1414266690-TONY KIT WAI HO","Not Found","0"
"1447903160-312 WOODWORTH LLC","\\bkofficesa.file.core.windows.net\public\IT Temp\Synergy Export\1447903160-312 WOODWORTH LLC","Has Files","1"
"1447903095-TYJES LLC","\\bkofficesa.file.core.windows.net\public\IT Temp\Synergy Export\1447903095-TYJES LLC","Not Found","0"
"1447898535-3531 32ND STREET REALTY","\\bkofficesa.file.core.windows.net\public\IT Temp\Synergy Export\1447898535-3531 32ND STREET REALTY","Not Found","0"
"1464016722-250 EAST 95TH STREET LL","\\bkofficesa.file.core.windows.net\public\IT Temp\Synergy Export\1464016722-250 EAST 95TH STREET LL","Has Files","2"
"1447899970-CJ SQUARE HOLDINGS LLC","\\bkofficesa.file.core.windows.net\public\IT Temp\Synergy Export\1447899970-CJ SQUARE HOLDINGS LLC","Not Found","0"
"1414268688-323 FILLMORE DEVELOPMEN","\\bkofficesa.file.core.windows.net\public\IT Temp\Synergy Export\1414268688-323 FILLMORE DEVELOPMEN","Not Found","0"
"1447899913-1205 COMMONWEALTH MGMT","\\bkofficesa.file.core.windows.net\public\IT Temp\Synergy Export\1447899913-1205 COMMONWEALTH MGMT","Has Files","2"
"1447903418-ROHIT HASIJA","\\bkofficesa.file.core.windows.net\public\IT Temp\Synergy Export\1447903418-ROHIT HASIJA","Has Files","2"
"1447900257-51ST STREET OWNERS CORP","\\bkofficesa.file.core.windows.net\public\IT Temp\Synergy Export\1447900257-51ST STREET OWNERS CORP","Empty","0"
"1414282309-18 BR CKS LLC","\\bkofficesa.file.core.windows.net\public\IT Temp\Synergy Export\1414282309-18 BR CKS LLC","Not Found","0"
"1414271096-FUNG YU LLC","\\bkofficesa.file.core.windows.net\public\IT Temp\Synergy Export\1414271096-FUNG YU LLC","Has Files","3"
"1447925015-156 BEACH 9 OWNERS LLC","\\bkofficesa.file.core.windows.net\public\IT Temp\Synergy Export\1447925015-156 BEACH 9 OWNERS LLC","Has Files","232"
"1447904101-313 KNICKERBOCKER LLC","\\bkofficesa.file.core.windows.net\public\IT Temp\Synergy Export\1447904101-313 KNICKERBOCKER LLC","Has Files","168"
"1447918275-KELSEY MANAGEMENT LLC","\\bkofficesa.file.core.windows.net\public\IT Temp\Synergy Export\1447918275-KELSEY MANAGEMENT LLC","Has Files","3"
"1447903053-IRVING AVE 156 LLC","\\bkofficesa.file.core.windows.net\public\IT Temp\Synergy Export\1447903053-IRVING AVE 156 LLC","Has Files","2"
"1414216307-515 EAST 83RD STR REALT","\\bkofficesa.file.core.windows.net\public\IT Temp\Synergy Export\1414216307-515 EAST 83RD STR REALT","Not Found","0"
"1447896224-HC REAL ESTATE HOLDINGS","\\bkofficesa.file.core.windows.net\public\IT Temp\Synergy Export\1447896224-HC REAL ESTATE HOLDINGS","Has Files","1"
"1414179588-THELMA MCINTOSH","\\bkofficesa.file.core.windows.net\public\IT Temp\Synergy Export\1414179588-THELMA MCINTOSH","Not Found","0"
"1447917855-RUTLAND ASSOCIATES LLC","\\bkofficesa.file.core.windows.net\public\IT Temp\Synergy Export\1447917855-RUTLAND ASSOCIATES LLC","Has Files","1"
"1447922178-150 OWNERS CORP","\\bkofficesa.file.core.windows.net\public\IT Temp\Synergy Export\1447922178-150 OWNERS CORP","Has Files","1"
"1447918705-SNYDER 5G HOLDINGS LLC","\\bkofficesa.file.core.windows.net\public\IT Temp\Synergy Export\1447918705-SNYDER 5G HOLDINGS LLC","Has Files","5"
"1414186211-ZHENG-HONG ZHENG","\\bkofficesa.file.core.windows.net\public\IT Temp\Synergy Export\1414186211-ZHENG-HONG ZHENG","Not Found","0"
"1414262103-SRIPRAPHAI TIPMANEE TRU","\\bkofficesa.file.core.windows.net\public\IT Temp\Synergy Export\1414262103-SRIPRAPHAI TIPMANEE TRU","Not Found","0"
"1447903509-CROWNLAND HOLDINGS LLC","\\bkofficesa.file.core.windows.net\public\IT Temp\Synergy Export\1447903509-CROWNLAND HOLDINGS LLC","Has Files","5"
"1414255859-JU FU LLC","\\bkofficesa.file.core.windows.net\public\IT Temp\Synergy Export\1414255859-JU FU LLC","Not Found","0"
"1447900570-54 HENRY STREET LLC","\\bkofficesa.file.core.windows.net\public\IT Temp\Synergy Export\1447900570-54 HENRY STREET LLC","Not Found","0"
"1447904242-THE 1744 63RD LLC","\\bkofficesa.file.core.windows.net\public\IT Temp\Synergy Export\1447904242-THE 1744 63RD LLC","Has Files","115"
"1464017845-F I PROSPECT CORP","\\bkofficesa.file.core.windows.net\public\IT Temp\Synergy Export\1464017845-F I PROSPECT CORP","Not Found","0"
"1414270130-141-08 CHERRY AVENUE CO","\\bkofficesa.file.core.windows.net\public\IT Temp\Synergy Export\1414270130-141-08 CHERRY AVENUE CO","Has Files","222"
"1447895317-SE ELITE MANAGEMENT LLC","\\bkofficesa.file.core.windows.net\public\IT Temp\Synergy Export\1447895317-SE ELITE MANAGEMENT LLC","Not Found","0"
"1447903327-3517 BRUCKNER PARTNERS","\\bkofficesa.file.core.windows.net\public\IT Temp\Synergy Export\1447903327-3517 BRUCKNER PARTNERS","Has Files","1"
"1447919711-148 HENRY STREET OWNERS","\\bkofficesa.file.core.windows.net\public\IT Temp\Synergy Export\1447919711-148 HENRY STREET OWNERS","Not Found","0"
"1447895416-1885 TROUTMAN LLC","\\bkofficesa.file.core.windows.net\public\IT Temp\Synergy Export\1447895416-1885 TROUTMAN LLC","Has Files","1"
"1414202141-CELINA WOJCICKA","\\bkofficesa.file.core.windows.net\public\IT Temp\Synergy Export\1414202141-CELINA WOJCICKA","Has Files","2"
"1447920487-PML I LLC","\\bkofficesa.file.core.windows.net\public\IT Temp\Synergy Export\1447920487-PML I LLC","Not Found","0"
"1447917376-960 MANAGEMENT INC","\\bkofficesa.file.core.windows.net\public\IT Temp\Synergy Export\1447917376-960 MANAGEMENT INC","Has Files","2"
"1414216273-2405 CROTONA AVENUE REA","\\bkofficesa.file.core.windows.net\public\IT Temp\Synergy Export\1414216273-2405 CROTONA AVENUE REA","Has Files","1"
"1414262459-FINE VISTA LLC","\\bkofficesa.file.core.windows.net\public\IT Temp\Synergy Export\1414262459-FINE VISTA LLC","Not Found","0"
"1414262426-EDWIN CASTELLAR JR.","\\bkofficesa.file.core.windows.net\public\IT Temp\Synergy Export\1414262426-EDWIN CASTELLAR JR.","Not Found","0"
"1447904051-1374 THIRD AVENUE INC.","\\bkofficesa.file.core.windows.net\public\IT Temp\Synergy Export\1447904051-1374 THIRD AVENUE INC.","Has Files","158"
"1414260602-JAD 80 REALTY LLC","\\bkofficesa.file.core.windows.net\public\IT Temp\Synergy Export\1414260602-JAD 80 REALTY LLC","Not Found","0"
"1447895424-2323 CROTONA LLC","\\bkofficesa.file.core.windows.net\public\IT Temp\Synergy Export\1447895424-2323 CROTONA LLC","Has Files","2"
"1447898808-35-41 CRESCENT ST LLC","\\bkofficesa.file.core.windows.net\public\IT Temp\Synergy Export\1447898808-35-41 CRESCENT ST LLC","Has Files","1"
"1407065489-TEDDY DASILVA","\\bkofficesa.file.core.windows.net\public\IT Temp\Synergy Export\1407065489-TEDDY DASILVA","Not Found","0"
"1414267656-402 FIFTH AVENUE LLC","\\bkofficesa.file.core.windows.net\public\IT Temp\Synergy Export\1414267656-402 FIFTH AVENUE LLC","Has Files","1"
"1414279925-1921 ANDREWS AVE LLC","\\bkofficesa.file.core.windows.net\public\IT Temp\Synergy Export\1414279925-1921 ANDREWS AVE LLC","Not Found","0"
"1414272664-157 EVERGREEN INC","\\bkofficesa.file.core.windows.net\public\IT Temp\Synergy Export\1414272664-157 EVERGREEN INC","Not Found","0"
"1414234961-SHU MING WANG","\\bkofficesa.file.core.windows.net\public\IT Temp\Synergy Export\1414234961-SHU MING WANG","Has Files","1"
"1414268514-JASMINE ZHENG","\\bkofficesa.file.core.windows.net\public\IT Temp\Synergy Export\1414268514-JASMINE ZHENG","Not Found","0"
"1464017217-262 BEACH 13 LLC","\\bkofficesa.file.core.windows.net\public\IT Temp\Synergy Export\1464017217-262 BEACH 13 LLC","Not Found","0"
"1414274744-30-34 REALTY LLC","\\bkofficesa.file.core.windows.net\public\IT Temp\Synergy Export\1414274744-30-34 REALTY LLC","Not Found","0"
"1414218196-19 EAST 108 LLC.","\\bkofficesa.file.core.windows.net\public\IT Temp\Synergy Export\1414218196-19 EAST 108 LLC.","Has Files","1"
"1414224939-200 212 SUNRISE LLC","\\bkofficesa.file.core.windows.net\public\IT Temp\Synergy Export\1414224939-200 212 SUNRISE LLC","Has Files","2"
"1414241669-WING WAI IP","\\bkofficesa.file.core.windows.net\public\IT Temp\Synergy Export\1414241669-WING WAI IP","Not Found","0"
"1447897537-121 IRVING LLC","\\bkofficesa.file.core.windows.net\public\IT Temp\Synergy Export\1447897537-121 IRVING LLC","Not Found","0"
"1447917749-2-8-16 MAGAW PLACE OWNE","\\bkofficesa.file.core.windows.net\public\IT Temp\Synergy Export\1447917749-2-8-16 MAGAW PLACE OWNE","Has Files","1"
"1414275089-ANDREA JANSZ","\\bkofficesa.file.core.windows.net\public\IT Temp\Synergy Export\1414275089-ANDREA JANSZ","Not Found","0"
"1447895168-CAROLINA CASTELLANO","\\bkofficesa.file.core.windows.net\public\IT Temp\Synergy Export\1447895168-CAROLINA CASTELLANO","Has Files","2"
"1414257988-1764 FAMILY INC.","\\bkofficesa.file.core.windows.net\public\IT Temp\Synergy Export\1414257988-1764 FAMILY INC.","Has Files","1"
"1414279404-SIX THIRTEEN PROPERTIES","\\bkofficesa.file.core.windows.net\public\IT Temp\Synergy Export\1414279404-SIX THIRTEEN PROPERTIES","Not Found","0"
"1447903434-CATALINA CHACE HOMES LL","\\bkofficesa.file.core.windows.net\public\IT Temp\Synergy Export\1447903434-CATALINA CHACE HOMES LL","Has Files","2"
"1414223956-SHERMAN CHAPEL LLC","\\bkofficesa.file.core.windows.net\public\IT Temp\Synergy Export\1414223956-SHERMAN CHAPEL LLC","Not Found","0"
"1447896521-378 SEA CLIFF AVENUE LL","\\bkofficesa.file.core.windows.net\public\IT Temp\Synergy Export\1447896521-378 SEA CLIFF AVENUE LL","Not Found","0"
"1414258093-EMMA OJEDA","\\bkofficesa.file.core.windows.net\public\IT Temp\Synergy Export\1414258093-EMMA OJEDA","Not Found","0"
"1447922574-7002 RIDGE BLVD OWNERS","\\bkofficesa.file.core.windows.net\public\IT Temp\Synergy Export\1447922574-7002 RIDGE BLVD OWNERS","Not Found","0"
"1447894351-JOSEPH E CUNIN","\\bkofficesa.file.core.windows.net\public\IT Temp\Synergy Export\1447894351-JOSEPH E CUNIN","Not Found","0"
"1414262707-VIR LHERISSON","\\bkofficesa.file.core.windows.net\public\IT Temp\Synergy Export\1414262707-VIR LHERISSON","Not Found","0"
"1447895234-JB 2209 LLC","\\bkofficesa.file.core.windows.net\public\IT Temp\Synergy Export\1447895234-JB 2209 LLC","Has Files","1"
"1447902873-WILSON EMPIRE INC.","\\bkofficesa.file.core.windows.net\public\IT Temp\Synergy Export\1447902873-WILSON EMPIRE INC.","Has Files","1"
"1414220838-TBG VAN SICLEN LLC","\\bkofficesa.file.core.windows.net\public\IT Temp\Synergy Export\1414220838-TBG VAN SICLEN LLC","Not Found","0"
"1414278109-JOSEPH GUASTELLA","\\bkofficesa.file.core.windows.net\public\IT Temp\Synergy Export\1414278109-JOSEPH GUASTELLA","Not Found","0"
"1414275287-696 CLEVELAND STREET IN","\\bkofficesa.file.core.windows.net\public\IT Temp\Synergy Export\1414275287-696 CLEVELAND STREET IN","Not Found","0"
"1414265692-7021 LLC","\\bkofficesa.file.core.windows.net\public\IT Temp\Synergy Export\1414265692-7021 LLC","Has Files","1"
"1414271880-SANDRA M CHRISTIE","\\bkofficesa.file.core.windows.net\public\IT Temp\Synergy Export\1414271880-SANDRA M CHRISTIE","Not Found","0"
"1414273662-LAMEX LLC","\\bkofficesa.file.core.windows.net\public\IT Temp\Synergy Export\1414273662-LAMEX LLC","Has Files","2"
"1414226967-570 EAST 26TH STREET LL","\\bkofficesa.file.core.windows.net\public\IT Temp\Synergy Export\1414226967-570 EAST 26TH STREET LL","Has Files","3"
"1414233153-THE ESTATE OF AUDREY JO","\\bkofficesa.file.core.windows.net\public\IT Temp\Synergy Export\1414233153-THE ESTATE OF AUDREY JO","Not Found","0"
"1447898642-1711 PALMETTO AVENUE LL","\\bkofficesa.file.core.windows.net\public\IT Temp\Synergy Export\1447898642-1711 PALMETTO AVENUE LL","Not Found","0"
"1447899541-23 M F MANAGEMENT LLC","\\bkofficesa.file.core.windows.net\public\IT Temp\Synergy Export\1447899541-23 M F MANAGEMENT LLC","Not Found","0"
"1414199487-GANG LIANG YANG","\\bkofficesa.file.core.windows.net\public\IT Temp\Synergy Export\1414199487-GANG LIANG YANG","Not Found","0"
"1414258523-PHILOU PROPERTIES, LLC","\\bkofficesa.file.core.windows.net\public\IT Temp\Synergy Export\1414258523-PHILOU PROPERTIES, LLC","Not Found","0"
"1447901636-8715 OWNERS LLC","\\bkofficesa.file.core.windows.net\public\IT Temp\Synergy Export\1447901636-8715 OWNERS LLC","Not Found","0"
"1414246007-MUSTAFA MAHASHIN","\\bkofficesa.file.core.windows.net\public\IT Temp\Synergy Export\1414246007-MUSTAFA MAHASHIN","Not Found","0"
"1414265619-SKI FAMILY LLC","\\bkofficesa.file.core.windows.net\public\IT Temp\Synergy Export\1414265619-SKI FAMILY LLC","Not Found","0"
"1414267466-LINHOME LLC","\\bkofficesa.file.core.windows.net\public\IT Temp\Synergy Export\1414267466-LINHOME LLC","Not Found","0"
"1447920537-AMS REALTY GROUP LLC","\\bkofficesa.file.core.windows.net\public\IT Temp\Synergy Export\1447920537-AMS REALTY GROUP LLC","Has Files","1"
"1447893403-KEMPIRE REALTY INC","\\bkofficesa.file.core.windows.net\public\IT Temp\Synergy Export\1447893403-KEMPIRE REALTY INC","Has Files","1"
"1447900265-BENJAMIN WAI","\\bkofficesa.file.core.windows.net\public\IT Temp\Synergy Export\1447900265-BENJAMIN WAI","Not Found","0"
"1414281061-MARU REAL ESTATE LLC","\\bkofficesa.file.core.windows.net\public\IT Temp\Synergy Export\1414281061-MARU REAL ESTATE LLC","Has Files","1"
"1447895291-ZARO REALTY CORP","\\bkofficesa.file.core.windows.net\public\IT Temp\Synergy Export\1447895291-ZARO REALTY CORP","Has Files","1"
"1414276871-RAYMOND A. WALLACE","\\bkofficesa.file.core.windows.net\public\IT Temp\Synergy Export\1414276871-RAYMOND A. WALLACE","Not Found","0"
"1447892298-BUBBIE'S PLACE LLC","\\bkofficesa.file.core.windows.net\public\IT Temp\Synergy Export\1447892298-BUBBIE'S PLACE LLC","Not Found","0"
"1414263002-ECHELON CAPITAL LLC","\\bkofficesa.file.core.windows.net\public\IT Temp\Synergy Export\1414263002-ECHELON CAPITAL LLC","Not Found","0"
"1447919182-350 FRANKLIN AVE REALTY","\\bkofficesa.file.core.windows.net\public\IT Temp\Synergy Export\1447919182-350 FRANKLIN AVE REALTY","Has Files","2"
"1447920917-2504 BEACH CHANNEL DRIV","\\bkofficesa.file.core.windows.net\public\IT Temp\Synergy Export\1447920917-2504 BEACH CHANNEL DRIV","Not Found","0"
"1447896208-TALLA REALTY LLC","\\bkofficesa.file.core.windows.net\public\IT Temp\Synergy Export\1447896208-TALLA REALTY LLC","Not Found","0"
"1414243459-22 CLARKSON AVENUE LLC","\\bkofficesa.file.core.windows.net\public\IT Temp\Synergy Export\1414243459-22 CLARKSON AVENUE LLC","Has Files","1"
"1414270726-G & L NY REALTY LLC","\\bkofficesa.file.core.windows.net\public\IT Temp\Synergy Export\1414270726-G & L NY REALTY LLC","Not Found","0"
"1414265163-MARY TSONATOS","\\bkofficesa.file.core.windows.net\public\IT Temp\Synergy Export\1414265163-MARY TSONATOS","Not Found","0"
"1414261766-PETT PROPERTIES LLC","\\bkofficesa.file.core.windows.net\public\IT Temp\Synergy Export\1414261766-PETT PROPERTIES LLC","Has Files","1"
"1447899897-1101 SUMMIT AVENUE CORP","\\bkofficesa.file.core.windows.net\public\IT Temp\Synergy Export\1447899897-1101 SUMMIT AVENUE CORP","Not Found","0"
"1414226413-431 EAST 82ND STREET OW","\\bkofficesa.file.core.windows.net\public\IT Temp\Synergy Export\1414226413-431 EAST 82ND STREET OW","Has Files","3"
"1447900778-1167 VYSE REALTY LLC","\\bkofficesa.file.core.windows.net\public\IT Temp\Synergy Export\1447900778-1167 VYSE REALTY LLC","Has Files","1"
"1447898931-3830 FLATLANDS AVE LLC","\\bkofficesa.file.core.windows.net\public\IT Temp\Synergy Export\1447898931-3830 FLATLANDS AVE LLC","Not Found","0"
"1447921451-CASANOVA REALTY LLC","\\bkofficesa.file.core.windows.net\public\IT Temp\Synergy Export\1447921451-CASANOVA REALTY LLC","Has Files","2"
"1414276129-MEAD HOUSE TENANTS, COR","\\bkofficesa.file.core.windows.net\public\IT Temp\Synergy Export\1414276129-MEAD HOUSE TENANTS, COR","Not Found","0"
"1414261469-VINCENZO TOLA","\\bkofficesa.file.core.windows.net\public\IT Temp\Synergy Export\1414261469-VINCENZO TOLA","Not Found","0"
"1447899459-D S B DEVELOPMENT LLC","\\bkofficesa.file.core.windows.net\public\IT Temp\Synergy Export\1447899459-D S B DEVELOPMENT LLC","Not Found","0"
"1414197606-BROOKLANDISH INC","\\bkofficesa.file.core.windows.net\public\IT Temp\Synergy Export\1414197606-BROOKLANDISH INC","Not Found","0"
"1447903129-FJP PROPERTIES INC","\\bkofficesa.file.core.windows.net\public\IT Temp\Synergy Export\1447903129-FJP PROPERTIES INC","Has Files","2"
"1414278604-DOMINGO BORBON","\\bkofficesa.file.core.windows.net\public\IT Temp\Synergy Export\1414278604-DOMINGO BORBON","Not Found","0"
"1447922913-266 REALTY NY LLC","\\bkofficesa.file.core.windows.net\public\IT Temp\Synergy Export\1447922913-266 REALTY NY LLC","Not Found","0"
"1447899525-GARFIELD PLACE HOUSING","\\bkofficesa.file.core.windows.net\public\IT Temp\Synergy Export\1447899525-GARFIELD PLACE HOUSING","Has Files","1"
"1447895499-PARAMJIT KAUR","\\bkofficesa.file.core.windows.net\public\IT Temp\Synergy Export\1447895499-PARAMJIT KAUR","Not Found","0"
"1447903046-146 BAY 13TH LLC","\\bkofficesa.file.core.windows.net\public\IT Temp\Synergy Export\1447903046-146 BAY 13TH LLC","Has Files","1"
"1447918523-446 CPW OWNERS CORP","\\bkofficesa.file.core.windows.net\public\IT Temp\Synergy Export\1447918523-446 CPW OWNERS CORP","Has Files","2"
"1414261261-702 KINGS HIGHWAY REALT","\\bkofficesa.file.core.windows.net\public\IT Temp\Synergy Export\1414261261-702 KINGS HIGHWAY REALT","Not Found","0"
"1414226496-113-115 MAIN LLC","\\bkofficesa.file.core.windows.net\public\IT Temp\Synergy Export\1414226496-113-115 MAIN LLC","Not Found","0"
"1414275121-88 2ND STREET LLC","\\bkofficesa.file.core.windows.net\public\IT Temp\Synergy Export\1414275121-88 2ND STREET LLC","Not Found","0"
"1447920354-EAST 80TH STREET LLC","\\bkofficesa.file.core.windows.net\public\IT Temp\Synergy Export\1447920354-EAST 80TH STREET LLC","Not Found","0"
"1414197168-VINH VAN NGUYEN","\\bkofficesa.file.core.windows.net\public\IT Temp\Synergy Export\1414197168-VINH VAN NGUYEN","Not Found","0"
"1447900141-YOLANTA A MATLAK","\\bkofficesa.file.core.windows.net\public\IT Temp\Synergy Export\1447900141-YOLANTA A MATLAK","Not Found","0"
"1414224277-NEO GORDIAN GROUP REALT","\\bkofficesa.file.core.windows.net\public\IT Temp\Synergy Export\1414224277-NEO GORDIAN GROUP REALT","Has Files","1"
"1447898436-NAAC LENIS CORPORATION","\\bkofficesa.file.core.windows.net\public\IT Temp\Synergy Export\1447898436-NAAC LENIS CORPORATION","Not Found","0"
"1447903467-638-640 HALSTEAD AVE CO","\\bkofficesa.file.core.windows.net\public\IT Temp\Synergy Export\1447903467-638-640 HALSTEAD AVE CO","Has Files","2"
"1414272359-SALVATORE LONGO","\\bkofficesa.file.core.windows.net\public\IT Temp\Synergy Export\1414272359-SALVATORE LONGO","Not Found","0"
"1447899533-MARJOSH MANAGEMENT CORP","\\bkofficesa.file.core.windows.net\public\IT Temp\Synergy Export\1447899533-MARJOSH MANAGEMENT CORP","Not Found","0"
"1447892868-FREDDY BAEZ","\\bkofficesa.file.core.windows.net\public\IT Temp\Synergy Export\1447892868-FREDDY BAEZ","Not Found","0"
"1447921444-NORTH AVENUE ASSOCIATES","\\bkofficesa.file.core.windows.net\public\IT Temp\Synergy Export\1447921444-NORTH AVENUE ASSOCIATES","Has Files","1"
"1414279701-30-65 42ND STREET LLC","\\bkofficesa.file.core.windows.net\public\IT Temp\Synergy Export\1414279701-30-65 42ND STREET LLC","Not Found","0"
"1447903897-131 E 62ND ST REALTY CO","\\bkofficesa.file.core.windows.net\public\IT Temp\Synergy Export\1447903897-131 E 62ND ST REALTY CO","Has Files","3"
"1414277895-430 BLEECKER LLC","\\bkofficesa.file.core.windows.net\public\IT Temp\Synergy Export\1414277895-430 BLEECKER LLC","Not Found","0"
"1447899715-NAIM HYSENAGOLLI","\\bkofficesa.file.core.windows.net\public\IT Temp\Synergy Export\1447899715-NAIM HYSENAGOLLI","Not Found","0"
"1414265627-384 PUTNAM LLC","\\bkofficesa.file.core.windows.net\public\IT Temp\Synergy Export\1414265627-384 PUTNAM LLC","Has Files","1"
"1414278612-NIFOROS 158 CORP.","\\bkofficesa.file.core.windows.net\public\IT Temp\Synergy Export\1414278612-NIFOROS 158 CORP.","Not Found","0"
"1414270221-FREDERICK MONDERSON","\\bkofficesa.file.core.windows.net\public\IT Temp\Synergy Export\1414270221-FREDERICK MONDERSON","Not Found","0"
"1447897701-TENANTS OF 343 E 78TH S","\\bkofficesa.file.core.windows.net\public\IT Temp\Synergy Export\1447897701-TENANTS OF 343 E 78TH S","Has Files","1"
"1447896273-119 LINCOLN AVENUE LLC","\\bkofficesa.file.core.windows.net\public\IT Temp\Synergy Export\1447896273-119 LINCOLN AVENUE LLC","Has Files","3"
"1447892264-STRUCTURE REALTY INC","\\bkofficesa.file.core.windows.net\public\IT Temp\Synergy Export\1447892264-STRUCTURE REALTY INC","Not Found","0"
"1447917780-CLAYBURNE OWNERS CORP","\\bkofficesa.file.core.windows.net\public\IT Temp\Synergy Export\1447917780-CLAYBURNE OWNERS CORP","Has Files","1"
"1414260909-INES KUCICH","\\bkofficesa.file.core.windows.net\public\IT Temp\Synergy Export\1414260909-INES KUCICH","Not Found","0"
"1414239408-YAM KO","\\bkofficesa.file.core.windows.net\public\IT Temp\Synergy Export\1414239408-YAM KO","Not Found","0"
"1414280535-843 FOX STREET LLC","\\bkofficesa.file.core.windows.net\public\IT Temp\Synergy Export\1414280535-843 FOX STREET LLC","Has Files","2"
"1414265262-ZONG WANG YANG","\\bkofficesa.file.core.windows.net\public\IT Temp\Synergy Export\1414265262-ZONG WANG YANG","Not Found","0"
"1414215481-BIH YU WU REVOCABLE TRU","\\bkofficesa.file.core.windows.net\public\IT Temp\Synergy Export\1414215481-BIH YU WU REVOCABLE TRU","Not Found","0"
"1414275451-319 ECKFORD STREET LLC","\\bkofficesa.file.core.windows.net\public\IT Temp\Synergy Export\1414275451-319 ECKFORD STREET LLC","Not Found","0"
"1414279123-JOANT REALTY CORP","\\bkofficesa.file.core.windows.net\public\IT Temp\Synergy Export\1414279123-JOANT REALTY CORP","Not Found","0"
"1414257632-LAM'S BROTHER DEVELOPME","\\bkofficesa.file.core.windows.net\public\IT Temp\Synergy Export\1414257632-LAM'S BROTHER DEVELOPME","Not Found","0"
"1414198828-SHARON M. KELLY","\\bkofficesa.file.core.windows.net\public\IT Temp\Synergy Export\1414198828-SHARON M. KELLY","Not Found","0"
"1447900323-GIOACCHINO MILAZZO","\\bkofficesa.file.core.windows.net\public\IT Temp\Synergy Export\1447900323-GIOACCHINO MILAZZO","Has Files","2"
"1414262525-PETER MUNTEAN","\\bkofficesa.file.core.windows.net\public\IT Temp\Synergy Export\1414262525-PETER MUNTEAN","Has Files","1"
"1447903137-7119 67TH PLACE LLC","\\bkofficesa.file.core.windows.net\public\IT Temp\Synergy Export\1447903137-7119 67TH PLACE LLC","Has Files","4"
"1414226207-3044 KINGSBRIDGE LLC","\\bkofficesa.file.core.windows.net\public\IT Temp\Synergy Export\1414226207-3044 KINGSBRIDGE LLC","Has Files","1"
"1414277168-HUI HWA SO","\\bkofficesa.file.core.windows.net\public\IT Temp\Synergy Export\1414277168-HUI HWA SO","Not Found","0"
"1447920818-SUNSET HOME ASSOCIATION","\\bkofficesa.file.core.windows.net\public\IT Temp\Synergy Export\1447920818-SUNSET HOME ASSOCIATION","Not Found","0"
"1447901586-SURINDRA GOOLJAR","\\bkofficesa.file.core.windows.net\public\IT Temp\Synergy Export\1447901586-SURINDRA GOOLJAR","Has Files","1"
"1407063799-MARIA CARMEN VALLEJO","\\bkofficesa.file.core.windows.net\public\IT Temp\Synergy Export\1407063799-MARIA CARMEN VALLEJO","Not Found","0"
"1464016474-22 WEST 85TH STREET COR","\\bkofficesa.file.core.windows.net\public\IT Temp\Synergy Export\1464016474-22 WEST 85TH STREET COR","Not Found","0"
"1414258242-ALEJANDRO D. PORINI","\\bkofficesa.file.core.windows.net\public\IT Temp\Synergy Export\1414258242-ALEJANDRO D. PORINI","Not Found","0"
"1447903996-TAO 123 LLC","\\bkofficesa.file.core.windows.net\public\IT Temp\Synergy Export\1447903996-TAO 123 LLC","Has Files","12"
"1414246106-BEACH 117TH STREET LLC","\\bkofficesa.file.core.windows.net\public\IT Temp\Synergy Export\1414246106-BEACH 117TH STREET LLC","Not Found","0"
"1447899087-497 VAN CORTLANDT PARK","\\bkofficesa.file.core.windows.net\public\IT Temp\Synergy Export\1447899087-497 VAN CORTLANDT PARK","Not Found","0"
"1447896901-836 HART STREET BROOKLY","\\bkofficesa.file.core.windows.net\public\IT Temp\Synergy Export\1447896901-836 HART STREET BROOKLY","Has Files","1"
"1414278810-LIN ASSOCIATES 17 LLC","\\bkofficesa.file.core.windows.net\public\IT Temp\Synergy Export\1414278810-LIN ASSOCIATES 17 LLC","Not Found","0"
"1414259091-MARJOHN MANAGEMENT CORP","\\bkofficesa.file.core.windows.net\public\IT Temp\Synergy Export\1414259091-MARJOHN MANAGEMENT CORP","Has Files","1"
"1447918358-Z K HOLDING CORP","\\bkofficesa.file.core.windows.net\public\IT Temp\Synergy Export\1447918358-Z K HOLDING CORP","Not Found","0"
"1447903756-HOMAT REALTY, LLC","\\bkofficesa.file.core.windows.net\public\IT Temp\Synergy Export\1447903756-HOMAT REALTY, LLC","Has Files","1"
"1414231199-TEOFILO LIRIANO","\\bkofficesa.file.core.windows.net\public\IT Temp\Synergy Export\1414231199-TEOFILO LIRIANO","Not Found","0"
"1464017852-SUNNYSIDE HOMES INC","\\bkofficesa.file.core.windows.net\public\IT Temp\Synergy Export\1464017852-SUNNYSIDE HOMES INC","Not Found","0"
"1414264505-WIDE SIDE REALTY LLC","\\bkofficesa.file.core.windows.net\public\IT Temp\Synergy Export\1414264505-WIDE SIDE REALTY LLC","Not Found","0"
"1447891779-L B MAFFEI LLC","\\bkofficesa.file.core.windows.net\public\IT Temp\Synergy Export\1447891779-L B MAFFEI LLC","Not Found","0"
"1414183721-ANTHONY GALANTE","\\bkofficesa.file.core.windows.net\public\IT Temp\Synergy Export\1414183721-ANTHONY GALANTE","Not Found","0"
"1414268639-21 FAIRMOUNT CORP","\\bkofficesa.file.core.windows.net\public\IT Temp\Synergy Export\1414268639-21 FAIRMOUNT CORP","Not Found","0"
"1414257731-SKY LIGHT REALTY LLC","\\bkofficesa.file.core.windows.net\public\IT Temp\Synergy Export\1414257731-SKY LIGHT REALTY LLC","Not Found","0"
"1464017720-NOAH 26 INC","\\bkofficesa.file.core.windows.net\public\IT Temp\Synergy Export\1464017720-NOAH 26 INC","Not Found","0"
"1414216398-321 EAST 90TH ST REALTY","\\bkofficesa.file.core.windows.net\public\IT Temp\Synergy Export\1414216398-321 EAST 90TH ST REALTY","Not Found","0"
"1414226215-L.S.A. REALTY CORP.","\\bkofficesa.file.core.windows.net\public\IT Temp\Synergy Export\1414226215-L.S.A. REALTY CORP.","Not Found","0"
"1447893452-KEANE FAMILY LIMITED PA","\\bkofficesa.file.core.windows.net\public\IT Temp\Synergy Export\1447893452-KEANE FAMILY LIMITED PA","Not Found","0"
"1414261048-GATES COTTAGE LLC","\\bkofficesa.file.core.windows.net\public\IT Temp\Synergy Export\1414261048-GATES COTTAGE LLC","Not Found","0"
"1447892355-94-20 87 STREET LLC","\\bkofficesa.file.core.windows.net\public\IT Temp\Synergy Export\1447892355-94-20 87 STREET LLC","Not Found","0"
"1414272060-JESSE GREEN","\\bkofficesa.file.core.windows.net\public\IT Temp\Synergy Export\1414272060-JESSE GREEN","Not Found","0"
"1414280378-VICTOR AGUILAR","\\bkofficesa.file.core.windows.net\public\IT Temp\Synergy Export\1414280378-VICTOR AGUILAR","Not Found","0"
"1447897271-FRATELLI MANAGEMENT II","\\bkofficesa.file.core.windows.net\public\IT Temp\Synergy Export\1447897271-FRATELLI MANAGEMENT II","Has Files","1"
"1414270882-MATTHEW MITCHELL","\\bkofficesa.file.core.windows.net\public\IT Temp\Synergy Export\1414270882-MATTHEW MITCHELL","Has Files","2"
"1414279297-54 SARATOGA AVENUE LLC","\\bkofficesa.file.core.windows.net\public\IT Temp\Synergy Export\1414279297-54 SARATOGA AVENUE LLC","Has Files","1"
"1447903459-SAKS REALTY MGMT LLC","\\bkofficesa.file.core.windows.net\public\IT Temp\Synergy Export\1447903459-SAKS REALTY MGMT LLC","Has Files","1"
"1447900786-VENTURA ELITE LLC","\\bkofficesa.file.core.windows.net\public\IT Temp\Synergy Export\1447900786-VENTURA ELITE LLC","Not Found","0"
"1447903848-LINDEN STREET LLC","\\bkofficesa.file.core.windows.net\public\IT Temp\Synergy Export\1447903848-LINDEN STREET LLC","Has Files","6"
"1447893171-RAM'S HEAD PROPERTIES I","\\bkofficesa.file.core.windows.net\public\IT Temp\Synergy Export\1447893171-RAM'S HEAD PROPERTIES I","Has Files","1"
"1447895051-595 PRESIDENT STREET RE","\\bkofficesa.file.core.windows.net\public\IT Temp\Synergy Export\1447895051-595 PRESIDENT STREET RE","Has Files","1"
"1414274850-GABJO REALTY 2 LLC","\\bkofficesa.file.core.windows.net\public\IT Temp\Synergy Export\1414274850-GABJO REALTY 2 LLC","Has Files","3"
"1414271146-GARY SINGH","\\bkofficesa.file.core.windows.net\public\IT Temp\Synergy Export\1414271146-GARY SINGH","Has Files","3"
"1447896646-MIRACULOUS REALTY LLC","\\bkofficesa.file.core.windows.net\public\IT Temp\Synergy Export\1447896646-MIRACULOUS REALTY LLC","Not Found","0"
"1447896562-153 85 OWNERS CORP","\\bkofficesa.file.core.windows.net\public\IT Temp\Synergy Export\1447896562-153 85 OWNERS CORP","Has Files","1"
"1414268316-KITO REALTY LLC","\\bkofficesa.file.core.windows.net\public\IT Temp\Synergy Export\1414268316-KITO REALTY LLC","Has Files","1"
"1447921048-BARBEY PROPERTY GROUP L","\\bkofficesa.file.core.windows.net\public\IT Temp\Synergy Export\1447921048-BARBEY PROPERTY GROUP L","Has Files","1"
"1414202331-JOAQUIN M. SANTANA","\\bkofficesa.file.core.windows.net\public\IT Temp\Synergy Export\1414202331-JOAQUIN M. SANTANA","Not Found","0"
"1414274942-LAVDERIM QOKU","\\bkofficesa.file.core.windows.net\public\IT Temp\Synergy Export\1414274942-LAVDERIM QOKU","Not Found","0"
"1414281871-BEATRICE GUERCIO","\\bkofficesa.file.core.windows.net\public\IT Temp\Synergy Export\1414281871-BEATRICE GUERCIO","Not Found","0"
"1447898774-YAKOV TOLEDO LLC","\\bkofficesa.file.core.windows.net\public\IT Temp\Synergy Export\1447898774-YAKOV TOLEDO LLC","Not Found","0"
"1414272235-H&E PROPERTIES LLC","\\bkofficesa.file.core.windows.net\public\IT Temp\Synergy Export\1414272235-H&E PROPERTIES LLC","Has Files","2"
"1447921162-LOSOKA LLC","\\bkofficesa.file.core.windows.net\public\IT Temp\Synergy Export\1447921162-LOSOKA LLC","Not Found","0"
"1447895093-SERMA REALTY LLC","\\bkofficesa.file.core.windows.net\public\IT Temp\Synergy Export\1447895093-SERMA REALTY LLC","Not Found","0"
"1414280774-Z & V, INC.","\\bkofficesa.file.core.windows.net\public\IT Temp\Synergy Export\1414280774-Z & V, INC.","Not Found","0"
"1414233187-MONTGOMERY MANAGEMENT,","\\bkofficesa.file.core.windows.net\public\IT Temp\Synergy Export\1414233187-MONTGOMERY MANAGEMENT,","Not Found","0"
"1447917319-E & W REALTY LLC","\\bkofficesa.file.core.windows.net\public\IT Temp\Synergy Export\1447917319-E & W REALTY LLC","Not Found","0"
"1414273696-TITUS ARUNA MORTON","\\bkofficesa.file.core.windows.net\public\IT Temp\Synergy Export\1414273696-TITUS ARUNA MORTON","Has Files","1"
"1414227346-SADHANA SHRESTHA","\\bkofficesa.file.core.windows.net\public\IT Temp\Synergy Export\1414227346-SADHANA SHRESTHA","Has Files","1"
"1447899426-359 GROVE ST LLC","\\bkofficesa.file.core.windows.net\public\IT Temp\Synergy Export\1447899426-359 GROVE ST LLC","Not Found","0"
"1414280790-DYKER 13 LLC","\\bkofficesa.file.core.windows.net\public\IT Temp\Synergy Export\1414280790-DYKER 13 LLC","Not Found","0"
"1464016367-1350 WILLOUGHBY REALTY","\\bkofficesa.file.core.windows.net\public\IT Temp\Synergy Export\1464016367-1350 WILLOUGHBY REALTY","Not Found","0"
"1414242287-158 BROADWAY REALTY LLC","\\bkofficesa.file.core.windows.net\public\IT Temp\Synergy Export\1414242287-158 BROADWAY REALTY LLC","Not Found","0"
"1447921055-11814 HOMES CORP","\\bkofficesa.file.core.windows.net\public\IT Temp\Synergy Export\1447921055-11814 HOMES CORP","Has Files","1"
"1447896851-GREEN PROSPECTS OWNERS","\\bkofficesa.file.core.windows.net\public\IT Temp\Synergy Export\1447896851-GREEN PROSPECTS OWNERS","Has Files","1"
"1447899830-96 GLOBAL REALTY LLC","\\bkofficesa.file.core.windows.net\public\IT Temp\Synergy Export\1447899830-96 GLOBAL REALTY LLC","Has Files","1"
"1447892330-MILIANTA EQUITIES LLC","\\bkofficesa.file.core.windows.net\public\IT Temp\Synergy Export\1447892330-MILIANTA EQUITIES LLC","Has Files","2"
"1447893338-YEHUDAH LLC","\\bkofficesa.file.core.windows.net\public\IT Temp\Synergy Export\1447893338-YEHUDAH LLC","Not Found","0"
"1464016524-RAFAEL GAMBA","\\bkofficesa.file.core.windows.net\public\IT Temp\Synergy Export\1464016524-RAFAEL GAMBA","Not Found","0"
"1414196970-NIELRAY INC REALTY","\\bkofficesa.file.core.windows.net\public\IT Temp\Synergy Export\1414196970-NIELRAY INC REALTY","Not Found","0"
"1414254696-JUAN GARCIA","\\bkofficesa.file.core.windows.net\public\IT Temp\Synergy Export\1414254696-JUAN GARCIA","Not Found","0"
"1414272433-CATHERINE Y HARPER","\\bkofficesa.file.core.windows.net\public\IT Temp\Synergy Export\1414272433-CATHERINE Y HARPER","Not Found","0"
"1414234300-ANETTA BANARSEE","\\bkofficesa.file.core.windows.net\public\IT Temp\Synergy Export\1414234300-ANETTA BANARSEE","Not Found","0"
"1414216422-68 EAST END AVE REALTY","\\bkofficesa.file.core.windows.net\public\IT Temp\Synergy Export\1414216422-68 EAST END AVE REALTY","Not Found","0"
"1447919398-344 WEST 49TH STREET AP","\\bkofficesa.file.core.windows.net\public\IT Temp\Synergy Export\1447919398-344 WEST 49TH STREET AP","Not Found","0"
"1447898329-ODDO LLC","\\bkofficesa.file.core.windows.net\public\IT Temp\Synergy Export\1447898329-ODDO LLC","Not Found","0"
"1447896497-AAA COURT GROUP CORP","\\bkofficesa.file.core.windows.net\public\IT Temp\Synergy Export\1447896497-AAA COURT GROUP CORP","Not Found","0"
"1414271914-365 ONDERDONK AVE INC","\\bkofficesa.file.core.windows.net\public\IT Temp\Synergy Export\1414271914-365 ONDERDONK AVE INC","Has Files","1"
"1414212702-GROVE ENTERPRISES, LLC","\\bkofficesa.file.core.windows.net\public\IT Temp\Synergy Export\1414212702-GROVE ENTERPRISES, LLC","Not Found","0"
"1414270825-134 W 74TH LIMITED PART","\\bkofficesa.file.core.windows.net\public\IT Temp\Synergy Export\1414270825-134 W 74TH LIMITED PART","Not Found","0"
"1447898816-JULIE BRINSON","\\bkofficesa.file.core.windows.net\public\IT Temp\Synergy Export\1447898816-JULIE BRINSON","Not Found","0"
"1414265403-BLLOSHMI FAM STILLWELL","\\bkofficesa.file.core.windows.net\public\IT Temp\Synergy Export\1414265403-BLLOSHMI FAM STILLWELL","Not Found","0"
"1447897388-767 PARK LLC","\\bkofficesa.file.core.windows.net\public\IT Temp\Synergy Export\1447897388-767 PARK LLC","Has Files","1"
"1447922012-377 SOUTH 5TH LLC","\\bkofficesa.file.core.windows.net\public\IT Temp\Synergy Export\1447922012-377 SOUTH 5TH LLC","Not Found","0"
"1464015591-ZWILAND LLC","\\bkofficesa.file.core.windows.net\public\IT Temp\Synergy Export\1464015591-ZWILAND LLC","Not Found","0"
"1447897792-PARASHQEVI KOTI","\\bkofficesa.file.core.windows.net\public\IT Temp\Synergy Export\1447897792-PARASHQEVI KOTI","Not Found","0"
"1414221315-516 EAST 84TH ST LLC","\\bkofficesa.file.core.windows.net\public\IT Temp\Synergy Export\1414221315-516 EAST 84TH ST LLC","Not Found","0"
"1414233161-AUDREY JOHNSON","\\bkofficesa.file.core.windows.net\public\IT Temp\Synergy Export\1414233161-AUDREY JOHNSON","Not Found","0"
"1414268621-FIVE C'S LLC","\\bkofficesa.file.core.windows.net\public\IT Temp\Synergy Export\1414268621-FIVE C'S LLC","Not Found","0"
"1414215739-786 EAST 182 LLC","\\bkofficesa.file.core.windows.net\public\IT Temp\Synergy Export\1414215739-786 EAST 182 LLC","Has Files","3"
"1447893585-825 PUTNAM AVENUE LLC","\\bkofficesa.file.core.windows.net\public\IT Temp\Synergy Export\1447893585-825 PUTNAM AVENUE LLC","Has Files","1"
"1414188936-RAMO RAMUSEVIC","\\bkofficesa.file.core.windows.net\public\IT Temp\Synergy Export\1414188936-RAMO RAMUSEVIC","Has Files","1"
"1414261824-DW 3928 LLC","\\bkofficesa.file.core.windows.net\public\IT Temp\Synergy Export\1414261824-DW 3928 LLC","Has Files","1"
"1447898097-EAST DRIVE HDFC","\\bkofficesa.file.core.windows.net\public\IT Temp\Synergy Export\1447898097-EAST DRIVE HDFC","Has Files","1"
"1414220861-VLR 1202 66TH STREET.,","\\bkofficesa.file.core.windows.net\public\IT Temp\Synergy Export\1414220861-VLR 1202 66TH STREET.,","Has Files","2"
"1447894104-24-48 29TH ST REALTY LL","\\bkofficesa.file.core.windows.net\public\IT Temp\Synergy Export\1447894104-24-48 29TH ST REALTY LL","Has Files","2"
"1447897875-617 STERLING PL LLC","\\bkofficesa.file.core.windows.net\public\IT Temp\Synergy Export\1447897875-617 STERLING PL LLC","Has Files","1"
"1414275139-MYUNG SOOK CHO","\\bkofficesa.file.core.windows.net\public\IT Temp\Synergy Export\1414275139-MYUNG SOOK CHO","Not Found","0"
"1447897081-BAMIDELE JOSE","\\bkofficesa.file.core.windows.net\public\IT Temp\Synergy Export\1447897081-BAMIDELE JOSE","Has Files","1"
"1414266286-21 MONROE HOUSING CORP","\\bkofficesa.file.core.windows.net\public\IT Temp\Synergy Export\1414266286-21 MONROE HOUSING CORP","Not Found","0"
"1414203271-MORRIS WILSON","\\bkofficesa.file.core.windows.net\public\IT Temp\Synergy Export\1414203271-MORRIS WILSON","Not Found","0"
"1414271690-SILVANA LAURICELLA","\\bkofficesa.file.core.windows.net\public\IT Temp\Synergy Export\1414271690-SILVANA LAURICELLA","Not Found","0"
"1414259984-SUNSET PARK ENTERPRISES","\\bkofficesa.file.core.windows.net\public\IT Temp\Synergy Export\1414259984-SUNSET PARK ENTERPRISES","Not Found","0"
"1447898220-CASSBED LLC","\\bkofficesa.file.core.windows.net\public\IT Temp\Synergy Export\1447898220-CASSBED LLC","Has Files","1"
"1447891878-FZ 135 MESEROLE LLC","\\bkofficesa.file.core.windows.net\public\IT Temp\Synergy Export\1447891878-FZ 135 MESEROLE LLC","Has Files","1"
"1447893627-ELIUJONA REALTY LLC","\\bkofficesa.file.core.windows.net\public\IT Temp\Synergy Export\1447893627-ELIUJONA REALTY LLC","Has Files","1"
"1414224251-ZEPA REALTY CORP.","\\bkofficesa.file.core.windows.net\public\IT Temp\Synergy Export\1414224251-ZEPA REALTY CORP.","Has Files","3"
"1414271997-274 HIMROD ST MANAGEMEN","\\bkofficesa.file.core.windows.net\public\IT Temp\Synergy Export\1414271997-274 HIMROD ST MANAGEMEN","Has Files","1"
"1414269983-25 LONGVIEW AVENUE LLC","\\bkofficesa.file.core.windows.net\public\IT Temp\Synergy Export\1414269983-25 LONGVIEW AVENUE LLC","Not Found","0"
"1414269363-368 PALMETTO STREET COR","\\bkofficesa.file.core.windows.net\public\IT Temp\Synergy Export\1414269363-368 PALMETTO STREET COR","Has Files","2"
"1414276384-DEEKS TREE EXPERTS, INC","\\bkofficesa.file.core.windows.net\public\IT Temp\Synergy Export\1414276384-DEEKS TREE EXPERTS, INC","Not Found","0"
"1447892462-163-10 SANFORD AVE REAL","\\bkofficesa.file.core.windows.net\public\IT Temp\Synergy Export\1447892462-163-10 SANFORD AVE REAL","Has Files","4"
"1414184158-DESMOND JONES","\\bkofficesa.file.core.windows.net\public\IT Temp\Synergy Export\1414184158-DESMOND JONES","Not Found","0"
"1447920867-CASA DEVELOPMENT LLC","\\bkofficesa.file.core.windows.net\public\IT Temp\Synergy Export\1447920867-CASA DEVELOPMENT LLC","Not Found","0"
"1447891969-A WONG REALTY CORP","\\bkofficesa.file.core.windows.net\public\IT Temp\Synergy Export\1447891969-A WONG REALTY CORP","Not Found","0"
"1447899145-RAJAN REAL ESTATES LLC","\\bkofficesa.file.core.windows.net\public\IT Temp\Synergy Export\1447899145-RAJAN REAL ESTATES LLC","Not Found","0"
"1447896950-W L S W V DILIGENCE LLC","\\bkofficesa.file.core.windows.net\public\IT Temp\Synergy Export\1447896950-W L S W V DILIGENCE LLC","Has Files","2"
"1414219616-YCL REAL ESTATE CONSULT","\\bkofficesa.file.core.windows.net\public\IT Temp\Synergy Export\1414219616-YCL REAL ESTATE CONSULT","Has Files","300"
"1414221216-419 HUMBOLDT LLC","\\bkofficesa.file.core.windows.net\public\IT Temp\Synergy Export\1414221216-419 HUMBOLDT LLC","Has Files","2"
"1447922335-YCL REAL ESTATE CONSULT","\\bkofficesa.file.core.windows.net\public\IT Temp\Synergy Export\1447922335-YCL REAL ESTATE CONSULT","Has Files","1"
"1447899657-HEMLOCK REALTY CORP","\\bkofficesa.file.core.windows.net\public\IT Temp\Synergy Export\1447899657-HEMLOCK REALTY CORP","Has Files","1"
"1414270353-178 E 108TH STREET REAL","\\bkofficesa.file.core.windows.net\public\IT Temp\Synergy Export\1414270353-178 E 108TH STREET REAL","Not Found","0"
"1414256725-JAY ZHAO","\\bkofficesa.file.core.windows.net\public\IT Temp\Synergy Export\1414256725-JAY ZHAO","Not Found","0"
"1447897461-BESTLUCK LLC","\\bkofficesa.file.core.windows.net\public\IT Temp\Synergy Export\1447897461-BESTLUCK LLC","Has Files","1"
"1414273860-202 EIGHTH AVENUE HOUSI","\\bkofficesa.file.core.windows.net\public\IT Temp\Synergy Export\1414273860-202 EIGHTH AVENUE HOUSI","Not Found","0"
"1414258440-MARIAN PEKAL","\\bkofficesa.file.core.windows.net\public\IT Temp\Synergy Export\1414258440-MARIAN PEKAL","Has Files","1"
"1414266401-MARGARET E RAGEN","\\bkofficesa.file.core.windows.net\public\IT Temp\Synergy Export\1414266401-MARGARET E RAGEN","Not Found","0"
"1447918440-115 WEST 128 CORP","\\bkofficesa.file.core.windows.net\public\IT Temp\Synergy Export\1447918440-115 WEST 128 CORP","Has Files","1"
"1414274140-PYLOS 881 REALTY LLC","\\bkofficesa.file.core.windows.net\public\IT Temp\Synergy Export\1414274140-PYLOS 881 REALTY LLC","Not Found","0"
"1414238582-ALFRED S. COCKFIELD","\\bkofficesa.file.core.windows.net\public\IT Temp\Synergy Export\1414238582-ALFRED S. COCKFIELD","Not Found","0"
"1414267052-95 FIRST STREET REALTY","\\bkofficesa.file.core.windows.net\public\IT Temp\Synergy Export\1414267052-95 FIRST STREET REALTY","Not Found","0"
"1414273555-324 ENTERPRISES LLC","\\bkofficesa.file.core.windows.net\public\IT Temp\Synergy Export\1414273555-324 ENTERPRISES LLC","Not Found","0"
"1447919273-28 WEST 89TH STREET LLC","\\bkofficesa.file.core.windows.net\public\IT Temp\Synergy Export\1447919273-28 WEST 89TH STREET LLC","Not Found","0"
"1447895440-EUGENE J MCARDLE","\\bkofficesa.file.core.windows.net\public\IT Temp\Synergy Export\1447895440-EUGENE J MCARDLE","Not Found","0"
"1414278083-26 SKILLMAN AVENUE LLC","\\bkofficesa.file.core.windows.net\public\IT Temp\Synergy Export\1414278083-26 SKILLMAN AVENUE LLC","Has Files","2"
"1414257061-94 LINDEN LLC","\\bkofficesa.file.core.windows.net\public\IT Temp\Synergy Export\1414257061-94 LINDEN LLC","Not Found","0"
"1414264950-JOSE CAPELLA","\\bkofficesa.file.core.windows.net\public\IT Temp\Synergy Export\1414264950-JOSE CAPELLA","Not Found","0"
"1447896554-DERMER PROPERTIES LLC","\\bkofficesa.file.core.windows.net\public\IT Temp\Synergy Export\1447896554-DERMER PROPERTIES LLC","Not Found","0"
"1447894567-396 FIFTH AVENUE LLC","\\bkofficesa.file.core.windows.net\public\IT Temp\Synergy Export\1447894567-396 FIFTH AVENUE LLC","Has Files","1"
"1414259034-LOUIS O. SIMON","\\bkofficesa.file.core.windows.net\public\IT Temp\Synergy Export\1414259034-LOUIS O. SIMON","Not Found","0"
"1414266153-160 PROPERTIES LLC","\\bkofficesa.file.core.windows.net\public\IT Temp\Synergy Export\1414266153-160 PROPERTIES LLC","Not Found","0"
"1447902998-265 ALEXANDER LLC","\\bkofficesa.file.core.windows.net\public\IT Temp\Synergy Export\1447902998-265 ALEXANDER LLC","Not Found","0"
"1414281186-440 BLEECKER STREET LLC","\\bkofficesa.file.core.windows.net\public\IT Temp\Synergy Export\1414281186-440 BLEECKER STREET LLC","Not Found","0"
"1414259711-JOSEPH PERLMAN","\\bkofficesa.file.core.windows.net\public\IT Temp\Synergy Export\1414259711-JOSEPH PERLMAN","Not Found","0"
"1414271401-MARBEL PROPERTIES LLC","\\bkofficesa.file.core.windows.net\public\IT Temp\Synergy Export\1414271401-MARBEL PROPERTIES LLC","Not Found","0"
"1414220549-THEODORE SANDLER","\\bkofficesa.file.core.windows.net\public\IT Temp\Synergy Export\1414220549-THEODORE SANDLER","Has Files","1"
"1447896620-911 MIDLAND AVE LLC","\\bkofficesa.file.core.windows.net\public\IT Temp\Synergy Export\1447896620-911 MIDLAND AVE LLC","Not Found","0"
"1414277218-1727 MAHAN AVENUE LLC","\\bkofficesa.file.core.windows.net\public\IT Temp\Synergy Export\1414277218-1727 MAHAN AVENUE LLC","Not Found","0"
"1414264067-CARMINE AMELIA LLC","\\bkofficesa.file.core.windows.net\public\IT Temp\Synergy Export\1414264067-CARMINE AMELIA LLC","Not Found","0"
"1447893056-TERRY DELBRIDGE","\\bkofficesa.file.core.windows.net\public\IT Temp\Synergy Export\1447893056-TERRY DELBRIDGE","Not Found","0"
"1414276855-MAMANY MGT LLC","\\bkofficesa.file.core.windows.net\public\IT Temp\Synergy Export\1414276855-MAMANY MGT LLC","Has Files","1"
"1464017753-133 W 80TH LLC","\\bkofficesa.file.core.windows.net\public\IT Temp\Synergy Export\1464017753-133 W 80TH LLC","Not Found","0"
"1414274090-479 7TH AVENUE CAPITAL","\\bkofficesa.file.core.windows.net\public\IT Temp\Synergy Export\1414274090-479 7TH AVENUE CAPITAL","Not Found","0"
"1447894138-BAY AVENUE ENTERPRISES","\\bkofficesa.file.core.windows.net\public\IT Temp\Synergy Export\1447894138-BAY AVENUE ENTERPRISES","Has Files","1"
"1414265395-RODNEY MANAGEMENT LLC","\\bkofficesa.file.core.windows.net\public\IT Temp\Synergy Export\1414265395-RODNEY MANAGEMENT LLC","Not Found","0"
"1414191856-BOCOCA REALTY LLC.","\\bkofficesa.file.core.windows.net\public\IT Temp\Synergy Export\1414191856-BOCOCA REALTY LLC.","Has Files","3"
"1447920578-K SLOPE REALTY LLC","\\bkofficesa.file.core.windows.net\public\IT Temp\Synergy Export\1447920578-K SLOPE REALTY LLC","Has Files","2"
"1414226645-UNITED PARK PLACE LLC","\\bkofficesa.file.core.windows.net\public\IT Temp\Synergy Export\1414226645-UNITED PARK PLACE LLC","Has Files","2"
"1414265841-LMJR HOLDINGS INC","\\bkofficesa.file.core.windows.net\public\IT Temp\Synergy Export\1414265841-LMJR HOLDINGS INC","Not Found","0"
"1447899368-146 FERRIS AVENUE REALT","\\bkofficesa.file.core.windows.net\public\IT Temp\Synergy Export\1447899368-146 FERRIS AVENUE REALT","Not Found","0"
"1447896067-74-76 DEFKOM LLC","\\bkofficesa.file.core.windows.net\public\IT Temp\Synergy Export\1447896067-74-76 DEFKOM LLC","Not Found","0"
"1447894146-4733 44TH STREET LLC","\\bkofficesa.file.core.windows.net\public\IT Temp\Synergy Export\1447894146-4733 44TH STREET LLC","Has Files","1"
"1414266070-BRIAN MILLER","\\bkofficesa.file.core.windows.net\public\IT Temp\Synergy Export\1414266070-BRIAN MILLER","Has Files","1"
"1447919992-45 ASSOCIATES LLC","\\bkofficesa.file.core.windows.net\public\IT Temp\Synergy Export\1447919992-45 ASSOCIATES LLC","Has Files","1"
"1414215085-LUCKY 430 REALTY, LLC","\\bkofficesa.file.core.windows.net\public\IT Temp\Synergy Export\1414215085-LUCKY 430 REALTY, LLC","Not Found","0"
"1447903970-WLYU LLC","\\bkofficesa.file.core.windows.net\public\IT Temp\Synergy Export\1447903970-WLYU LLC","Has Files","6"
"1447899327-DK 1829 LLC","\\bkofficesa.file.core.windows.net\public\IT Temp\Synergy Export\1447899327-DK 1829 LLC","Not Found","0"
"1414281988-CLS INC","\\bkofficesa.file.core.windows.net\public\IT Temp\Synergy Export\1414281988-CLS INC","Has Files","1"
"1414218295-232 EIGHTH AVE REALTY C","\\bkofficesa.file.core.windows.net\public\IT Temp\Synergy Export\1414218295-232 EIGHTH AVE REALTY C","Not Found","0"
"1414186260-GEM 53 CORP","\\bkofficesa.file.core.windows.net\public\IT Temp\Synergy Export\1414186260-GEM 53 CORP","Not Found","0"
"1447897750-63 RADFORD LLC","\\bkofficesa.file.core.windows.net\public\IT Temp\Synergy Export\1447897750-63 RADFORD LLC","Has Files","2"
"1447917905-LENOX APT'S LLC","\\bkofficesa.file.core.windows.net\public\IT Temp\Synergy Export\1447917905-LENOX APT'S LLC","Has Files","3"
"1414271427-NOACH SANDER","\\bkofficesa.file.core.windows.net\public\IT Temp\Synergy Export\1414271427-NOACH SANDER","Empty","0"
"1447894179-628 METROPOLITAN AVE DE","\\bkofficesa.file.core.windows.net\public\IT Temp\Synergy Export\1447894179-628 METROPOLITAN AVE DE","Has Files","100"
"1447899921-465 JUNG CORP","\\bkofficesa.file.core.windows.net\public\IT Temp\Synergy Export\1447899921-465 JUNG CORP","Has Files","1"
"1447923507-2502 BARNES AVE LLC","\\bkofficesa.file.core.windows.net\public\IT Temp\Synergy Export\1447923507-2502 BARNES AVE LLC","Not Found","0"
"1447919463-2891 BRONX VALENTINE RE","\\bkofficesa.file.core.windows.net\public\IT Temp\Synergy Export\1447919463-2891 BRONX VALENTINE RE","Empty","0"
"1414281384-77 PERRY REALTY CORP","\\bkofficesa.file.core.windows.net\public\IT Temp\Synergy Export\1414281384-77 PERRY REALTY CORP","Has Files","1"
"1414279271-112 MCLEAN AVENUE LLC","\\bkofficesa.file.core.windows.net\public\IT Temp\Synergy Export\1414279271-112 MCLEAN AVENUE LLC","Has Files","1"
"1414277051-329 CONCORD REALTY LLC","\\bkofficesa.file.core.windows.net\public\IT Temp\Synergy Export\1414277051-329 CONCORD REALTY LLC","Has Files","1"
"1414268308-NOS DJOLJEVIC","\\bkofficesa.file.core.windows.net\public\IT Temp\Synergy Export\1414268308-NOS DJOLJEVIC","Not Found","0"
"1414214880-PARCJAY APARTMENTS LLC","\\bkofficesa.file.core.windows.net\public\IT Temp\Synergy Export\1414214880-PARCJAY APARTMENTS LLC","Not Found","0"
"1447899988-46-50 RIVINGTON STREET","\\bkofficesa.file.core.windows.net\public\IT Temp\Synergy Export\1447899988-46-50 RIVINGTON STREET","Has Files","1"
"1414181519-EASTVIEW REALTY INC","\\bkofficesa.file.core.windows.net\public\IT Temp\Synergy Export\1414181519-EASTVIEW REALTY INC","Not Found","0"
"1414274173-ESTREF CAMI","\\bkofficesa.file.core.windows.net\public\IT Temp\Synergy Export\1414274173-ESTREF CAMI","Not Found","0"
"1414254829-CONCORD GARDEN INC.","\\bkofficesa.file.core.windows.net\public\IT Temp\Synergy Export\1414254829-CONCORD GARDEN INC.","Has Files","1"
"1414266559-KAMLAWATTIE ALLI","\\bkofficesa.file.core.windows.net\public\IT Temp\Synergy Export\1414266559-KAMLAWATTIE ALLI","Not Found","0"
"1414266864-RONA MORRISSETTE","\\bkofficesa.file.core.windows.net\public\IT Temp\Synergy Export\1414266864-RONA MORRISSETTE","Has Files","1"
"1414263697-FSE CORONA REALTY, LLC","\\bkofficesa.file.core.windows.net\public\IT Temp\Synergy Export\1414263697-FSE CORONA REALTY, LLC","Has Files","1"
"1414278489-ROCK BLVD, LLC","\\bkofficesa.file.core.windows.net\public\IT Temp\Synergy Export\1414278489-ROCK BLVD, LLC","Has Files","1"
"1414272532-313 58TH STREET CORP","\\bkofficesa.file.core.windows.net\public\IT Temp\Synergy Export\1414272532-313 58TH STREET CORP","Not Found","0"
"1447900398-JUAN N MAYANCELA","\\bkofficesa.file.core.windows.net\public\IT Temp\Synergy Export\1447900398-JUAN N MAYANCELA","Not Found","0"
"1414271393-MARBEL PROPERTIES LLC","\\bkofficesa.file.core.windows.net\public\IT Temp\Synergy Export\1414271393-MARBEL PROPERTIES LLC","Not Found","0"
"1447897297-A AND J PICCIRILLO TRUS","\\bkofficesa.file.core.windows.net\public\IT Temp\Synergy Export\1447897297-A AND J PICCIRILLO TRUS","Not Found","0"
"1447898246-OSMANI LGL LLC","\\bkofficesa.file.core.windows.net\public\IT Temp\Synergy Export\1447898246-OSMANI LGL LLC","Not Found","0"
"1447898709-DZAVID INC","\\bkofficesa.file.core.windows.net\public\IT Temp\Synergy Export\1447898709-DZAVID INC","Has Files","1"
"1447916881-800 E 173 LLC","\\bkofficesa.file.core.windows.net\public\IT Temp\Synergy Export\1447916881-800 E 173 LLC","Has Files","3"
"1447897404-MICHAEL ANZOVINO","\\bkofficesa.file.core.windows.net\public\IT Temp\Synergy Export\1447897404-MICHAEL ANZOVINO","Not Found","0"
"1414220697-ORION REALTY LLC","\\bkofficesa.file.core.windows.net\public\IT Temp\Synergy Export\1414220697-ORION REALTY LLC","Not Found","0"
"1414259604-1822 BLEECKER STREET RE","\\bkofficesa.file.core.windows.net\public\IT Temp\Synergy Export\1414259604-1822 BLEECKER STREET RE","Not Found","0"
"1414263291-ORAZIO BIENCIVENNI REV","\\bkofficesa.file.core.windows.net\public\IT Temp\Synergy Export\1414263291-ORAZIO BIENCIVENNI REV","Not Found","0"
"1414278380-BEDFORD BUILDING ASSOCI","\\bkofficesa.file.core.windows.net\public\IT Temp\Synergy Export\1414278380-BEDFORD BUILDING ASSOCI","Has Files","2"
"1447918911-662 E 21 REALTY LLC","\\bkofficesa.file.core.windows.net\public\IT Temp\Synergy Export\1447918911-662 E 21 REALTY LLC","Not Found","0"
"1414277564-JENNIE FICANO REVOCABLE","\\bkofficesa.file.core.windows.net\public\IT Temp\Synergy Export\1414277564-JENNIE FICANO REVOCABLE","Not Found","0"
"1414280816-JEFFERSON STREET 1 LLC","\\bkofficesa.file.core.windows.net\public\IT Temp\Synergy Export\1414280816-JEFFERSON STREET 1 LLC","Has Files","1"
"1414253268-ZIELCAM CORP.","\\bkofficesa.file.core.windows.net\public\IT Temp\Synergy Export\1414253268-ZIELCAM CORP.","Not Found","0"
"1414220853-HIDDEN HARBOR LLC","\\bkofficesa.file.core.windows.net\public\IT Temp\Synergy Export\1414220853-HIDDEN HARBOR LLC","Has Files","3"
"1447897842-ANCHOR INDUSTRIES LLC","\\bkofficesa.file.core.windows.net\public\IT Temp\Synergy Export\1447897842-ANCHOR INDUSTRIES LLC","Not Found","0"
"1447892793-806 SENECA AVENUE LLC","\\bkofficesa.file.core.windows.net\public\IT Temp\Synergy Export\1447892793-806 SENECA AVENUE LLC","Not Found","0"
"1414281228-ALBANO BALLERINI","\\bkofficesa.file.core.windows.net\public\IT Temp\Synergy Export\1414281228-ALBANO BALLERINI","Has Files","1"
"1447899053-CONSTANCE BARCIA","\\bkofficesa.file.core.windows.net\public\IT Temp\Synergy Export\1447899053-CONSTANCE BARCIA","Not Found","0"
"1414223220-COUNTRY CLUB PROPERTIES","\\bkofficesa.file.core.windows.net\public\IT Temp\Synergy Export\1414223220-COUNTRY CLUB PROPERTIES","Not Found","0"
"1414263382-BERT JACOBS","\\bkofficesa.file.core.windows.net\public\IT Temp\Synergy Export\1414263382-BERT JACOBS","Not Found","0"
"1414268928-GASPARE ALESSI","\\bkofficesa.file.core.windows.net\public\IT Temp\Synergy Export\1414268928-GASPARE ALESSI","Has Files","2"
"1414275774-ZORAN ANDREJEVIC","\\bkofficesa.file.core.windows.net\public\IT Temp\Synergy Export\1414275774-ZORAN ANDREJEVIC","Has Files","1"
"1414220416-HECUBA HOLDING CORP","\\bkofficesa.file.core.windows.net\public\IT Temp\Synergy Export\1414220416-HECUBA HOLDING CORP","Has Files","1"
"1414269652-MESEROLE STREET INC","\\bkofficesa.file.core.windows.net\public\IT Temp\Synergy Export\1414269652-MESEROLE STREET INC","Has Files","1"
"1447894989-IRENEUSZ BYLINKA","\\bkofficesa.file.core.windows.net\public\IT Temp\Synergy Export\1447894989-IRENEUSZ BYLINKA","Has Files","2"
"1414186369-RICHARD ORTECHO","\\bkofficesa.file.core.windows.net\public\IT Temp\Synergy Export\1414186369-RICHARD ORTECHO","Has Files","1"
"1447898790-6163 HORTON AVE INC","\\bkofficesa.file.core.windows.net\public\IT Temp\Synergy Export\1447898790-6163 HORTON AVE INC","Not Found","0"
"1447897412-PROGRESSIVE HOUSING COR","\\bkofficesa.file.core.windows.net\public\IT Temp\Synergy Export\1447897412-PROGRESSIVE HOUSING COR","Empty","0"
"1414264778-1588 1ST AVE LLC","\\bkofficesa.file.core.windows.net\public\IT Temp\Synergy Export\1414264778-1588 1ST AVE LLC","Not Found","0"
"1414274694-VICTOR RIVERA","\\bkofficesa.file.core.windows.net\public\IT Temp\Synergy Export\1414274694-VICTOR RIVERA","Not Found","0"
"1414217370-21ST STREET PROPERTIES","\\bkofficesa.file.core.windows.net\public\IT Temp\Synergy Export\1414217370-21ST STREET PROPERTIES","Has Files","1"
"1414279909-20-65 STEINWAY LLC","\\bkofficesa.file.core.windows.net\public\IT Temp\Synergy Export\1414279909-20-65 STEINWAY LLC","Not Found","0"
"1447918226-LINDEN TOWERS COOPERATI","\\bkofficesa.file.core.windows.net\public\IT Temp\Synergy Export\1447918226-LINDEN TOWERS COOPERATI","Has Files","1"
"1414282457-90-16 R B B INC","\\bkofficesa.file.core.windows.net\public\IT Temp\Synergy Export\1414282457-90-16 R B B INC","Not Found","0"
"1447895333-415 MONTAUK REALTY CORP","\\bkofficesa.file.core.windows.net\public\IT Temp\Synergy Export\1447895333-415 MONTAUK REALTY CORP","Has Files","3"
"1447900158-HILDA BRICENO","\\bkofficesa.file.core.windows.net\public\IT Temp\Synergy Export\1447900158-HILDA BRICENO","Not Found","0"
"1414273597-ESTELA HERNANDEZ","\\bkofficesa.file.core.windows.net\public\IT Temp\Synergy Export\1414273597-ESTELA HERNANDEZ","Not Found","0"
"1414267243-505 CVE PROPERTY LLC","\\bkofficesa.file.core.windows.net\public\IT Temp\Synergy Export\1414267243-505 CVE PROPERTY LLC","Not Found","0"
"1414277127-YMMTE, LLC","\\bkofficesa.file.core.windows.net\public\IT Temp\Synergy Export\1414277127-YMMTE, LLC","Has Files","2"
"1414261758-MJGCM REAL ESTATE, INC.","\\bkofficesa.file.core.windows.net\public\IT Temp\Synergy Export\1414261758-MJGCM REAL ESTATE, INC.","Not Found","0"
"1447895242-7 HIGH ROAD LLC","\\bkofficesa.file.core.windows.net\public\IT Temp\Synergy Export\1447895242-7 HIGH ROAD LLC","Has Files","1"
"1447900448-RAYS PLAZA LLC","\\bkofficesa.file.core.windows.net\public\IT Temp\Synergy Export\1447900448-RAYS PLAZA LLC","Has Files","1"
"1414261204-5923 REALTY, LLC","\\bkofficesa.file.core.windows.net\public\IT Temp\Synergy Export\1414261204-5923 REALTY, LLC","Has Files","2"
"1414216299-403 EAST 73RD ST REALTY","\\bkofficesa.file.core.windows.net\public\IT Temp\Synergy Export\1414216299-403 EAST 73RD ST REALTY","Not Found","0"
"1447918655-J A M REALTY L P","\\bkofficesa.file.core.windows.net\public\IT Temp\Synergy Export\1447918655-J A M REALTY L P","Not Found","0"
"1414266138-RALPH DRAPALA","\\bkofficesa.file.core.windows.net\public\IT Temp\Synergy Export\1414266138-RALPH DRAPALA","Not Found","0"
"1447895747-BROTHER REALTY CORP","\\bkofficesa.file.core.windows.net\public\IT Temp\Synergy Export\1447895747-BROTHER REALTY CORP","Not Found","0"
"1414265411-MICHAEL DE MEO","\\bkofficesa.file.core.windows.net\public\IT Temp\Synergy Export\1414265411-MICHAEL DE MEO","Not Found","0"
"1414189090-VIED REALTY INC","\\bkofficesa.file.core.windows.net\public\IT Temp\Synergy Export\1414189090-VIED REALTY INC","Not Found","0"
"1414255081-213 DEAN STR LLC","\\bkofficesa.file.core.windows.net\public\IT Temp\Synergy Export\1414255081-213 DEAN STR LLC","Not Found","0"
"1414240687-537 56 STREET INC.","\\bkofficesa.file.core.windows.net\public\IT Temp\Synergy Export\1414240687-537 56 STREET INC.","Has Files","1"
"1414269207-35 MORNINGSTAR LLC","\\bkofficesa.file.core.windows.net\public\IT Temp\Synergy Export\1414269207-35 MORNINGSTAR LLC","Not Found","0"
"1414258820-ANDREA GOTELLI","\\bkofficesa.file.core.windows.net\public\IT Temp\Synergy Export\1414258820-ANDREA GOTELLI","Not Found","0"
"1414187979-FERNANDO ACEVEDO","\\bkofficesa.file.core.windows.net\public\IT Temp\Synergy Export\1414187979-FERNANDO ACEVEDO","Not Found","0"
"1414239598-GVD GROUP INC","\\bkofficesa.file.core.windows.net\public\IT Temp\Synergy Export\1414239598-GVD GROUP INC","Not Found","0"
"1414222602-BROADWAY VALHALLA PROPE","\\bkofficesa.file.core.windows.net\public\IT Temp\Synergy Export\1414222602-BROADWAY VALHALLA PROPE","Has Files","181"
"1447920347-TAPSCOTT REALTY LLC","\\bkofficesa.file.core.windows.net\public\IT Temp\Synergy Export\1447920347-TAPSCOTT REALTY LLC","Has Files","1"
"1414269421-PETRU MAZARAN","\\bkofficesa.file.core.windows.net\public\IT Temp\Synergy Export\1414269421-PETRU MAZARAN","Not Found","0"
"1414183002-NASER GASHI","\\bkofficesa.file.core.windows.net\public\IT Temp\Synergy Export\1414183002-NASER GASHI","Not Found","0"
"1414233252-CARLOS J. URENA","\\bkofficesa.file.core.windows.net\public\IT Temp\Synergy Export\1414233252-CARLOS J. URENA","Not Found","0"
"1414260990-B.G. SANTANGELO FAMILY,","\\bkofficesa.file.core.windows.net\public\IT Temp\Synergy Export\1414260990-B.G. SANTANGELO FAMILY,","Not Found","0"
"1414217552-MARIO RAGUZIN","\\bkofficesa.file.core.windows.net\public\IT Temp\Synergy Export\1414217552-MARIO RAGUZIN","Has Files","3"
"1414216414-29 EAST 37TH ST REALTY","\\bkofficesa.file.core.windows.net\public\IT Temp\Synergy Export\1414216414-29 EAST 37TH ST REALTY","Not Found","0"
"1447898550-SADOC HOLDINGS LLC","\\bkofficesa.file.core.windows.net\public\IT Temp\Synergy Export\1447898550-SADOC HOLDINGS LLC","Not Found","0"
"1447898311-WALTER SELVER","\\bkofficesa.file.core.windows.net\public\IT Temp\Synergy Export\1447898311-WALTER SELVER","Not Found","0"
"1414235752-OSVALDO TORRES","\\bkofficesa.file.core.windows.net\public\IT Temp\Synergy Export\1414235752-OSVALDO TORRES","Not Found","0"
"1414246163-DAISY IBARGUEN","\\bkofficesa.file.core.windows.net\public\IT Temp\Synergy Export\1414246163-DAISY IBARGUEN","Not Found","0"
"1447917707-E E R DEVELOPMENT LLC","\\bkofficesa.file.core.windows.net\public\IT Temp\Synergy Export\1447917707-E E R DEVELOPMENT LLC","Not Found","0"
"1414262350-972 NY, LLC","\\bkofficesa.file.core.windows.net\public\IT Temp\Synergy Export\1414262350-972 NY, LLC","Not Found","0"
"1447894765-JENNIFER H JOSEPH","\\bkofficesa.file.core.windows.net\public\IT Temp\Synergy Export\1447894765-JENNIFER H JOSEPH","Has Files","4"
"1447900802-ECK PROPERTY LLC","\\bkofficesa.file.core.windows.net\public\IT Temp\Synergy Export\1447900802-ECK PROPERTY LLC","Has Files","1"
"1414268431-ROSENDO RIVAS","\\bkofficesa.file.core.windows.net\public\IT Temp\Synergy Export\1414268431-ROSENDO RIVAS","Not Found","0"
"1447897032-CHENS CAPITAL LLC","\\bkofficesa.file.core.windows.net\public\IT Temp\Synergy Export\1447897032-CHENS CAPITAL LLC","Not Found","0"
"1414266997-ROMUALD S MIRVILLE","\\bkofficesa.file.core.windows.net\public\IT Temp\Synergy Export\1414266997-ROMUALD S MIRVILLE","Has Files","141"
"1414218832-184 EAST 7TH ST HOUS DE","\\bkofficesa.file.core.windows.net\public\IT Temp\Synergy Export\1414218832-184 EAST 7TH ST HOUS DE","Has Files","1"
"1447896984-253259 OWNERS CORP","\\bkofficesa.file.core.windows.net\public\IT Temp\Synergy Export\1447896984-253259 OWNERS CORP","Has Files","1"
"1447896570-61 SCHAEFER ST LLC","\\bkofficesa.file.core.windows.net\public\IT Temp\Synergy Export\1447896570-61 SCHAEFER ST LLC","Not Found","0"
"1414245397-ROOSEVELT PHILLIP","\\bkofficesa.file.core.windows.net\public\IT Temp\Synergy Export\1414245397-ROOSEVELT PHILLIP","Not Found","0"
"1447898998-KATHERINE WIDE","\\bkofficesa.file.core.windows.net\public\IT Temp\Synergy Export\1447898998-KATHERINE WIDE","Has Files","1"
"1414261014-B.G. SANTANGELO FAMILY,","\\bkofficesa.file.core.windows.net\public\IT Temp\Synergy Export\1414261014-B.G. SANTANGELO FAMILY,","Not Found","0"
"1447922988-SYLIDA REALTY CORP","\\bkofficesa.file.core.windows.net\public\IT Temp\Synergy Export\1447922988-SYLIDA REALTY CORP","Not Found","0"
"1447898162-SMR NOBLE LLC","\\bkofficesa.file.core.windows.net\public\IT Temp\Synergy Export\1447898162-SMR NOBLE LLC","Not Found","0"
"1447898089-PEMA PROPERTIES CORP","\\bkofficesa.file.core.windows.net\public\IT Temp\Synergy Export\1447898089-PEMA PROPERTIES CORP","Not Found","0"
"1447898907-592 MORRIS PARK AVE PAR","\\bkofficesa.file.core.windows.net\public\IT Temp\Synergy Export\1447898907-592 MORRIS PARK AVE PAR","Has Files","2"
"1447900273-DEAN TERRACE HSNG CORP","\\bkofficesa.file.core.windows.net\public\IT Temp\Synergy Export\1447900273-DEAN TERRACE HSNG CORP","Has Files","1"
"1447916576-S Z REALTY CORP","\\bkofficesa.file.core.windows.net\public\IT Temp\Synergy Export\1447916576-S Z REALTY CORP","Has Files","1"
"1414280394-BOGDANA COSARCA","\\bkofficesa.file.core.windows.net\public\IT Temp\Synergy Export\1414280394-BOGDANA COSARCA","Not Found","0"
"1447897156-LYMC LLC","\\bkofficesa.file.core.windows.net\public\IT Temp\Synergy Export\1447897156-LYMC LLC","Not Found","0"
"1414271112-RICHMAN LLC","\\bkofficesa.file.core.windows.net\public\IT Temp\Synergy Export\1414271112-RICHMAN LLC","Has Files","1"
"1414201895-22 AVENUE O CORP.","\\bkofficesa.file.core.windows.net\public\IT Temp\Synergy Export\1414201895-22 AVENUE O CORP.","Not Found","0"
"1414182392-FRANCISZEK NIEDZIELSKI","\\bkofficesa.file.core.windows.net\public\IT Temp\Synergy Export\1414182392-FRANCISZEK NIEDZIELSKI","Not Found","0"
"1447903541-167 MULBERRY STREET LLC","\\bkofficesa.file.core.windows.net\public\IT Temp\Synergy Export\1447903541-167 MULBERRY STREET LLC","Not Found","0"
"1414263507-JUNOZ DZAFEROVIC","\\bkofficesa.file.core.windows.net\public\IT Temp\Synergy Export\1414263507-JUNOZ DZAFEROVIC","Not Found","0"
"1464017134-MARSID REALTY CO","\\bkofficesa.file.core.windows.net\public\IT Temp\Synergy Export\1464017134-MARSID REALTY CO","Has Files","1"
"1414262582-NEWBEST MGMT LLC","\\bkofficesa.file.core.windows.net\public\IT Temp\Synergy Export\1414262582-NEWBEST MGMT LLC","Not Found","0"
"1447893239-992 EAST 96 LLC","\\bkofficesa.file.core.windows.net\public\IT Temp\Synergy Export\1447893239-992 EAST 96 LLC","Not Found","0"
"1414227015-204TH STREET ASSOCIATES","\\bkofficesa.file.core.windows.net\public\IT Temp\Synergy Export\1414227015-204TH STREET ASSOCIATES","Has Files","141"
"1447904028-43-14 108 STREET LLC","\\bkofficesa.file.core.windows.net\public\IT Temp\Synergy Export\1447904028-43-14 108 STREET LLC","Has Files","5"
"1414274488-SERGE JEAN- BAPTISTE","\\bkofficesa.file.core.windows.net\public\IT Temp\Synergy Export\1414274488-SERGE JEAN- BAPTISTE","Not Found","0"
"1414186716-GINO VITALE","\\bkofficesa.file.core.windows.net\public\IT Temp\Synergy Export\1414186716-GINO VITALE","Not Found","0"
"1414223154-MAGNOLIA PROPERTIES LLC","\\bkofficesa.file.core.windows.net\public\IT Temp\Synergy Export\1414223154-MAGNOLIA PROPERTIES LLC","Has Files","202"
"1414265239-268 NASSAU AVENUE REALT","\\bkofficesa.file.core.windows.net\public\IT Temp\Synergy Export\1414265239-268 NASSAU AVENUE REALT","Not Found","0"
"1447896265-JOSEPH R.  LUMA","\\bkofficesa.file.core.windows.net\public\IT Temp\Synergy Export\1447896265-JOSEPH R.  LUMA","Not Found","0"
"1447896075-RIVERSIO DRIVE ENTERPRI","\\bkofficesa.file.core.windows.net\public\IT Temp\Synergy Export\1447896075-RIVERSIO DRIVE ENTERPRI","Empty","0"
"1414189835-7211 65TH PLACE CORP","\\bkofficesa.file.core.windows.net\public\IT Temp\Synergy Export\1414189835-7211 65TH PLACE CORP","Not Found","0"
"1447897016-WAI CHING WONG NI","\\bkofficesa.file.core.windows.net\public\IT Temp\Synergy Export\1447897016-WAI CHING WONG NI","Has Files","1"
"1447897024-HE FEI QIU","\\bkofficesa.file.core.windows.net\public\IT Temp\Synergy Export\1447897024-HE FEI QIU","Not Found","0"
"1414271583-L&C BRONX REALTY CORP","\\bkofficesa.file.core.windows.net\public\IT Temp\Synergy Export\1414271583-L&C BRONX REALTY CORP","Not Found","0"
"1414270833-132 W 74TH LIMITED PART","\\bkofficesa.file.core.windows.net\public\IT Temp\Synergy Export\1414270833-132 W 74TH LIMITED PART","Not Found","0"
"1414233393-YIZ COLLECTION INC.","\\bkofficesa.file.core.windows.net\public\IT Temp\Synergy Export\1414233393-YIZ COLLECTION INC.","Not Found","0"
"1447920107-25 PIERREPONT REALTY LL","\\bkofficesa.file.core.windows.net\public\IT Temp\Synergy Export\1447920107-25 PIERREPONT REALTY LL","Empty","0"
"1447897339-J S EAST 107 LLC","\\bkofficesa.file.core.windows.net\public\IT Temp\Synergy Export\1447897339-J S EAST 107 LLC","Not Found","0"
"1447893775-PHOENIX 2116 LLC","\\bkofficesa.file.core.windows.net\public\IT Temp\Synergy Export\1447893775-PHOENIX 2116 LLC","Not Found","0"
"1414265288-NAPCO HOLDINGS LLC","\\bkofficesa.file.core.windows.net\public\IT Temp\Synergy Export\1414265288-NAPCO HOLDINGS LLC","Has Files","1"
"1414187433-CHRISTOPHER STEELE","\\bkofficesa.file.core.windows.net\public\IT Temp\Synergy Export\1414187433-CHRISTOPHER STEELE","Not Found","0"
"1414267227-1667 CORNELIA LLC","\\bkofficesa.file.core.windows.net\public\IT Temp\Synergy Export\1414267227-1667 CORNELIA LLC","Not Found","0"
"1447893981-47-49 WALNUT CORP","\\bkofficesa.file.core.windows.net\public\IT Temp\Synergy Export\1447893981-47-49 WALNUT CORP","Has Files","1"
"1414274785-CAZIM SELMANOVIC","\\bkofficesa.file.core.windows.net\public\IT Temp\Synergy Export\1414274785-CAZIM SELMANOVIC","Not Found","0"
"1447898469-NEIL SIANO","\\bkofficesa.file.core.windows.net\public\IT Temp\Synergy Export\1447898469-NEIL SIANO","Not Found","0"
"1447896372-D M KOMBOGIANNIS LLC","\\bkofficesa.file.core.windows.net\public\IT Temp\Synergy Export\1447896372-D M KOMBOGIANNIS LLC","Has Files","1"
"1414266815-2109 5TH AVE. LLC","\\bkofficesa.file.core.windows.net\public\IT Temp\Synergy Export\1414266815-2109 5TH AVE. LLC","Not Found","0"
"1414245751-FRANCESCO SCARPA","\\bkofficesa.file.core.windows.net\public\IT Temp\Synergy Export\1414245751-FRANCESCO SCARPA","Not Found","0"
"1414241594-65TH PLACE LLC","\\bkofficesa.file.core.windows.net\public\IT Temp\Synergy Export\1414241594-65TH PLACE LLC","Not Found","0"
"1447898428-AMAT HOLDINGS LLC","\\bkofficesa.file.core.windows.net\public\IT Temp\Synergy Export\1447898428-AMAT HOLDINGS LLC","Not Found","0"
"1414260917-RAMIZ FERATOVIC","\\bkofficesa.file.core.windows.net\public\IT Temp\Synergy Export\1414260917-RAMIZ FERATOVIC","Not Found","0"
"1447899798-148 E BROADWAY ASSOCIAT","\\bkofficesa.file.core.windows.net\public\IT Temp\Synergy Export\1447899798-148 E BROADWAY ASSOCIAT","Empty","0"
"1414247062-860 MARCY AV CORP.","\\bkofficesa.file.core.windows.net\public\IT Temp\Synergy Export\1414247062-860 MARCY AV CORP.","Not Found","0"
"1414272953-TAI YUAN SHENG DA LLC","\\bkofficesa.file.core.windows.net\public\IT Temp\Synergy Export\1414272953-TAI YUAN SHENG DA LLC","Not Found","0"
"1447899046-MOWLA INDUSTRIES LLC","\\bkofficesa.file.core.windows.net\public\IT Temp\Synergy Export\1447899046-MOWLA INDUSTRIES LLC","Has Files","3"
"1414260834-RUFRANO ENTERPRISES LLC","\\bkofficesa.file.core.windows.net\public\IT Temp\Synergy Export\1414260834-RUFRANO ENTERPRISES LLC","Not Found","0"
"1414255974-THE STEPHEN FICANO REVO","\\bkofficesa.file.core.windows.net\public\IT Temp\Synergy Export\1414255974-THE STEPHEN FICANO REVO","Not Found","0"
"1447902915-D & S REAL PROPERTY INC","\\bkofficesa.file.core.windows.net\public\IT Temp\Synergy Export\1447902915-D & S REAL PROPERTY INC","Not Found","0"
"1447921253-PHILMIL REALTY CORP","\\bkofficesa.file.core.windows.net\public\IT Temp\Synergy Export\1447921253-PHILMIL REALTY CORP","Has Files","3"
"1414182103-GINO CORDANI","\\bkofficesa.file.core.windows.net\public\IT Temp\Synergy Export\1414182103-GINO CORDANI","Not Found","0"
"1414275741-63-48 FRESH POND ROAD L","\\bkofficesa.file.core.windows.net\public\IT Temp\Synergy Export\1414275741-63-48 FRESH POND ROAD L","Has Files","2"
"1414244572-SALVADOR MENDEZ","\\bkofficesa.file.core.windows.net\public\IT Temp\Synergy Export\1414244572-SALVADOR MENDEZ","Not Found","0"
"1414241859-916 LAFAYETT LLC","\\bkofficesa.file.core.windows.net\public\IT Temp\Synergy Export\1414241859-916 LAFAYETT LLC","Not Found","0"
"1447919521-106 MAIN STREET LLC","\\bkofficesa.file.core.windows.net\public\IT Temp\Synergy Export\1447919521-106 MAIN STREET LLC","Not Found","0"
"1464014685-D BAUTISTA REV LIV TRST","\\bkofficesa.file.core.windows.net\public\IT Temp\Synergy Export\1464014685-D BAUTISTA REV LIV TRST","Not Found","0"
"1414259703-6819 LLC","\\bkofficesa.file.core.windows.net\public\IT Temp\Synergy Export\1414259703-6819 LLC","Not Found","0"
"1414263499-LEO SHENG LOUIE","\\bkofficesa.file.core.windows.net\public\IT Temp\Synergy Export\1414263499-LEO SHENG LOUIE","Not Found","0"
"1447896596-322 E 14TH ST OWNERS CO","\\bkofficesa.file.core.windows.net\public\IT Temp\Synergy Export\1447896596-322 E 14TH ST OWNERS CO","Empty","0"
"1414213544-ROBE REALTY, INC.","\\bkofficesa.file.core.windows.net\public\IT Temp\Synergy Export\1414213544-ROBE REALTY, INC.","Not Found","0"
"1447899640-LUDLUM ESTATES LLC","\\bkofficesa.file.core.windows.net\public\IT Temp\Synergy Export\1447899640-LUDLUM ESTATES LLC","Not Found","0"
"1447898477-FLORENCE SAYERS","\\bkofficesa.file.core.windows.net\public\IT Temp\Synergy Export\1447898477-FLORENCE SAYERS","Not Found","0"
"1414187094-STROMER ASSOCIATES LLC","\\bkofficesa.file.core.windows.net\public\IT Temp\Synergy Export\1414187094-STROMER ASSOCIATES LLC","Not Found","0"
"1447901248-PARK SLOPE MGT LLC","\\bkofficesa.file.core.windows.net\public\IT Temp\Synergy Export\1447901248-PARK SLOPE MGT LLC","Not Found","0"
"1414221786-WHITETAIL REALTY GROUP","\\bkofficesa.file.core.windows.net\public\IT Temp\Synergy Export\1414221786-WHITETAIL REALTY GROUP","Not Found","0"
"1414276566-413 WEST CORP","\\bkofficesa.file.core.windows.net\public\IT Temp\Synergy Export\1414276566-413 WEST CORP","Not Found","0"
"1414260891-ZELJKO DJURDJEVIC","\\bkofficesa.file.core.windows.net\public\IT Temp\Synergy Export\1414260891-ZELJKO DJURDJEVIC","Not Found","0"
"1447895911-50 S BLEEKER STREET LLC","\\bkofficesa.file.core.windows.net\public\IT Temp\Synergy Export\1447895911-50 S BLEEKER STREET LLC","Not Found","0"
"1414266567-IRENA PIKULINSKI","\\bkofficesa.file.core.windows.net\public\IT Temp\Synergy Export\1414266567-IRENA PIKULINSKI","Not Found","0"
"1414279479-39 FIFTH STREET REALTY","\\bkofficesa.file.core.windows.net\public\IT Temp\Synergy Export\1414279479-39 FIFTH STREET REALTY","Not Found","0"
"1414280675-CRESCENT PROPERTY GROUP","\\bkofficesa.file.core.windows.net\public\IT Temp\Synergy Export\1414280675-CRESCENT PROPERTY GROUP","Not Found","0"
"1447900877-S & S PROPERTIES 379 IN","\\bkofficesa.file.core.windows.net\public\IT Temp\Synergy Export\1447900877-S & S PROPERTIES 379 IN","Not Found","0"
"1414277192-FERIDE BAJROVIC","\\bkofficesa.file.core.windows.net\public\IT Temp\Synergy Export\1414277192-FERIDE BAJROVIC","Not Found","0"
"1447916568-THE KRYSTIE MANOR LIMIT","\\bkofficesa.file.core.windows.net\public\IT Temp\Synergy Export\1447916568-THE KRYSTIE MANOR LIMIT","Not Found","0"
"1447921089-MEB REALTY CORP","\\bkofficesa.file.core.windows.net\public\IT Temp\Synergy Export\1447921089-MEB REALTY CORP","Not Found","0"
"1414237493-ESTATE OF PATSY MASSIAH","\\bkofficesa.file.core.windows.net\public\IT Temp\Synergy Export\1414237493-ESTATE OF PATSY MASSIAH","Not Found","0"
"1414281509-383 ASHFORD LLC","\\bkofficesa.file.core.windows.net\public\IT Temp\Synergy Export\1414281509-383 ASHFORD LLC","Not Found","0"
"1447898725-SANDS REVOCABLE LIVING","\\bkofficesa.file.core.windows.net\public\IT Temp\Synergy Export\1447898725-SANDS REVOCABLE LIVING","Not Found","0"
"1447918572-P&T MANAGEMENT CO LLC","\\bkofficesa.file.core.windows.net\public\IT Temp\Synergy Export\1447918572-P&T MANAGEMENT CO LLC","Not Found","0"
"1447920115-161 COLUMBIA REALTY LLC","\\bkofficesa.file.core.windows.net\public\IT Temp\Synergy Export\1447920115-161 COLUMBIA REALTY LLC","Not Found","0"
"1414281285-242 72 OWNERS CORP","\\bkofficesa.file.core.windows.net\public\IT Temp\Synergy Export\1414281285-242 72 OWNERS CORP","Not Found","0"
"1447897008-2868 EAST 195 LLC","\\bkofficesa.file.core.windows.net\public\IT Temp\Synergy Export\1447897008-2868 EAST 195 LLC","Not Found","0"
"1414260230-LEO SHENG LOUIE","\\bkofficesa.file.core.windows.net\public\IT Temp\Synergy Export\1414260230-LEO SHENG LOUIE","Not Found","0"
"1414269645-1743 F LLC","\\bkofficesa.file.core.windows.net\public\IT Temp\Synergy Export\1414269645-1743 F LLC","Not Found","0"
"1447896661-DACRUZ SONS LLC","\\bkofficesa.file.core.windows.net\public\IT Temp\Synergy Export\1447896661-DACRUZ SONS LLC","Not Found","0"
"1414258481-779 CPN REALTY, LLC","\\bkofficesa.file.core.windows.net\public\IT Temp\Synergy Export\1414258481-779 CPN REALTY, LLC","Not Found","0"
"1414202471-EVLINE TOUSSAINT","\\bkofficesa.file.core.windows.net\public\IT Temp\Synergy Export\1414202471-EVLINE TOUSSAINT","Not Found","0"
"1447899111-CIMINO INC","\\bkofficesa.file.core.windows.net\public\IT Temp\Synergy Export\1447899111-CIMINO INC","Not Found","0"
"1414271625-7217 REALTY LLC","\\bkofficesa.file.core.windows.net\public\IT Temp\Synergy Export\1414271625-7217 REALTY LLC","Not Found","0"
"1464017241-FESTIVE HOMES LTD","\\bkofficesa.file.core.windows.net\public\IT Temp\Synergy Export\1464017241-FESTIVE HOMES LTD","Not Found","0"
"1414265221-CHAPARRO UTICA LLC","\\bkofficesa.file.core.windows.net\public\IT Temp\Synergy Export\1414265221-CHAPARRO UTICA LLC","Not Found","0"
"1414271153-HECTOR M BRISMAN","\\bkofficesa.file.core.windows.net\public\IT Temp\Synergy Export\1414271153-HECTOR M BRISMAN","Not Found","0"
"1447897354-189 STANHOPE REALTY COR","\\bkofficesa.file.core.windows.net\public\IT Temp\Synergy Export\1447897354-189 STANHOPE REALTY COR","Not Found","0"
"1447899236-1958 REALTY CORP","\\bkofficesa.file.core.windows.net\public\IT Temp\Synergy Export\1447899236-1958 REALTY CORP","Not Found","0"
"1414266526-YIZ COLLECTION INC","\\bkofficesa.file.core.windows.net\public\IT Temp\Synergy Export\1414266526-YIZ COLLECTION INC","Not Found","0"
"1414197036-H Y W LLC","\\bkofficesa.file.core.windows.net\public\IT Temp\Synergy Export\1414197036-H Y W LLC","Not Found","0"
"1414280410-ARUTYUN TIRATSUYAN","\\bkofficesa.file.core.windows.net\public\IT Temp\Synergy Export\1414280410-ARUTYUN TIRATSUYAN","Not Found","0"
"1414225951-M.D.M.Z. CORP","\\bkofficesa.file.core.windows.net\public\IT Temp\Synergy Export\1414225951-M.D.M.Z. CORP","Not Found","0"
"1414201945-ARCENIO SANANGO","\\bkofficesa.file.core.windows.net\public\IT Temp\Synergy Export\1414201945-ARCENIO SANANGO","Not Found","0"
"1447894401-310-312 S4A LLC","\\bkofficesa.file.core.windows.net\public\IT Temp\Synergy Export\1447894401-310-312 S4A LLC","Not Found","0"
"1414259943-KAI REALTY LLC","\\bkofficesa.file.core.windows.net\public\IT Temp\Synergy Export\1414259943-KAI REALTY LLC","Not Found","0"
"1414217537-SMILOWITZ HOLDING COMPA","\\bkofficesa.file.core.windows.net\public\IT Temp\Synergy Export\1414217537-SMILOWITZ HOLDING COMPA","Not Found","0"
"1447897925-1586 E 22 ST HOLDING LL","\\bkofficesa.file.core.windows.net\public\IT Temp\Synergy Export\1447897925-1586 E 22 ST HOLDING LL","Not Found","0"
"1447896356-778 FRANKLIN AVE LLC","\\bkofficesa.file.core.windows.net\public\IT Temp\Synergy Export\1447896356-778 FRANKLIN AVE LLC","Not Found","0"
"1414263523-KWONG FAI CHU","\\bkofficesa.file.core.windows.net\public\IT Temp\Synergy Export\1414263523-KWONG FAI CHU","Not Found","0"
"1447898485-142 WEST ENTERPRISES LL","\\bkofficesa.file.core.windows.net\public\IT Temp\Synergy Export\1447898485-142 WEST ENTERPRISES LL","Not Found","0"
"1464014974-268 ST NICHOLAS AVE LLC","\\bkofficesa.file.core.windows.net\public\IT Temp\Synergy Export\1464014974-268 ST NICHOLAS AVE LLC","Not Found","0"
"1414278653-517 WEST 150TH STREET L","\\bkofficesa.file.core.windows.net\public\IT Temp\Synergy Export\1414278653-517 WEST 150TH STREET L","Not Found","0"
"1414191732-JESSBRAND REALTY LLC","\\bkofficesa.file.core.windows.net\public\IT Temp\Synergy Export\1414191732-JESSBRAND REALTY LLC","Not Found","0"
"1414256188-SONG JIE CHEN","\\bkofficesa.file.core.windows.net\public\IT Temp\Synergy Export\1414256188-SONG JIE CHEN","Not Found","0"
"1414262194-111-115 LATHROP AVENUE,","\\bkofficesa.file.core.windows.net\public\IT Temp\Synergy Export\1414262194-111-115 LATHROP AVENUE,","Not Found","0"
"1447894583-PARBATTY HARRILAL","\\bkofficesa.file.core.windows.net\public\IT Temp\Synergy Export\1447894583-PARBATTY HARRILAL","Not Found","0"
"1414278828-TWILIGHT EQUITIES LLC","\\bkofficesa.file.core.windows.net\public\IT Temp\Synergy Export\1414278828-TWILIGHT EQUITIES LLC","Not Found","0"
"1414258994-G.A.G., LLC","\\bkofficesa.file.core.windows.net\public\IT Temp\Synergy Export\1414258994-G.A.G., LLC","Not Found","0"
"1447918242-SEDGWICK REALTY LLC","\\bkofficesa.file.core.windows.net\public\IT Temp\Synergy Export\1447918242-SEDGWICK REALTY LLC","Not Found","0"
"1414265536-NEW GENERATION REALTY I","\\bkofficesa.file.core.windows.net\public\IT Temp\Synergy Export\1414265536-NEW GENERATION REALTY I","Not Found","0"
"1414203263-MORRIS WILSON","\\bkofficesa.file.core.windows.net\public\IT Temp\Synergy Export\1414203263-MORRIS WILSON","Not Found","0"
"1414223451-REDWOOD PROPERTIES LLC","\\bkofficesa.file.core.windows.net\public\IT Temp\Synergy Export\1414223451-REDWOOD PROPERTIES LLC","Not Found","0"
"1414215747-418 WEST 130 STREET LLC","\\bkofficesa.file.core.windows.net\public\IT Temp\Synergy Export\1414215747-418 WEST 130 STREET LLC","Not Found","0"
"1447899996-1314 AND 1316 41ST ST L","\\bkofficesa.file.core.windows.net\public\IT Temp\Synergy Export\1447899996-1314 AND 1316 41ST ST L","Not Found","0"
"1414256584-AARON CHAN","\\bkofficesa.file.core.windows.net\public\IT Temp\Synergy Export\1414256584-AARON CHAN","Not Found","0"
"1414272748-273 23RD ST HOUSING LLC","\\bkofficesa.file.core.windows.net\public\IT Temp\Synergy Export\1414272748-273 23RD ST HOUSING LLC","Not Found","0"
"1447917517-CHELSEA HOUSE LLC","\\bkofficesa.file.core.windows.net\public\IT Temp\Synergy Export\1447917517-CHELSEA HOUSE LLC","Not Found","0"
"1414278117-MALGORZATA GOLDA","\\bkofficesa.file.core.windows.net\public\IT Temp\Synergy Export\1414278117-MALGORZATA GOLDA","Not Found","0"
"1414196921-POINT LLC HOLDING GAMMA","\\bkofficesa.file.core.windows.net\public\IT Temp\Synergy Export\1414196921-POINT LLC HOLDING GAMMA","Not Found","0"
"1414269785-FATOS ALVORA","\\bkofficesa.file.core.windows.net\public\IT Temp\Synergy Export\1414269785-FATOS ALVORA","Not Found","0"
"1447898766-SHAY ALON 3241 LLC","\\bkofficesa.file.core.windows.net\public\IT Temp\Synergy Export\1447898766-SHAY ALON 3241 LLC","Not Found","0"
"1414257186-RICHARD MOSCARELLI","\\bkofficesa.file.core.windows.net\public\IT Temp\Synergy Export\1414257186-RICHARD MOSCARELLI","Not Found","0"
"1414266534-YI23 LLC","\\bkofficesa.file.core.windows.net\public\IT Temp\Synergy Export\1414266534-YI23 LLC","Not Found","0"
"1447895630-MONIEK REALTY MANAGEMEN","\\bkofficesa.file.core.windows.net\public\IT Temp\Synergy Export\1447895630-MONIEK REALTY MANAGEMEN","Not Found","0"
"1414277473-ROBERTO MOLINA","\\bkofficesa.file.core.windows.net\public\IT Temp\Synergy Export\1414277473-ROBERTO MOLINA","Not Found","0"
"1447894674-C L 1107-1115 REALTY LL","\\bkofficesa.file.core.windows.net\public\IT Temp\Synergy Export\1447894674-C L 1107-1115 REALTY LL","Not Found","0"
"1447901388-ALEXANDER BRICKS LLC","\\bkofficesa.file.core.windows.net\public\IT Temp\Synergy Export\1447901388-ALEXANDER BRICKS LLC","Not Found","0"
"1447921840-88 BLEECKER ST OWNERS I","\\bkofficesa.file.core.windows.net\public\IT Temp\Synergy Export\1447921840-88 BLEECKER ST OWNERS I","Not Found","0"
"1447903764-MARIA PETITO","\\bkofficesa.file.core.windows.net\public\IT Temp\Synergy Export\1447903764-MARIA PETITO","Not Found","0"
"1414274876-FLORAL EQUITIES LLC","\\bkofficesa.file.core.windows.net\public\IT Temp\Synergy Export\1414274876-FLORAL EQUITIES LLC","Not Found","0"
"1414275501-VANDORN LADSON","\\bkofficesa.file.core.windows.net\public\IT Temp\Synergy Export\1414275501-VANDORN LADSON","Not Found","0"
"1414264646-JAMES D. ORLANDO","\\bkofficesa.file.core.windows.net\public\IT Temp\Synergy Export\1414264646-JAMES D. ORLANDO","Not Found","0"
"1447899574-ONE-HUNDRED GRAND INC","\\bkofficesa.file.core.windows.net\public\IT Temp\Synergy Export\1447899574-ONE-HUNDRED GRAND INC","Not Found","0"
"1414279149-JOGAB REALTY CORP","\\bkofficesa.file.core.windows.net\public\IT Temp\Synergy Export\1414279149-JOGAB REALTY CORP","Not Found","0"
"1414265932-COLDEN STREET, LLC","\\bkofficesa.file.core.windows.net\public\IT Temp\Synergy Export\1414265932-COLDEN STREET, LLC","Not Found","0"
"1407063229-TYRO CORP","\\bkofficesa.file.core.windows.net\public\IT Temp\Synergy Export\1407063229-TYRO CORP","Not Found","0"
"1447898972-STOCKHOLM 88 GROUP LLC","\\bkofficesa.file.core.windows.net\public\IT Temp\Synergy Export\1447898972-STOCKHOLM 88 GROUP LLC","Not Found","0"
"1414266583-1513 JEFFERSON AVENUE L","\\bkofficesa.file.core.windows.net\public\IT Temp\Synergy Export\1414266583-1513 JEFFERSON AVENUE L","Not Found","0"
"1414218691-MB INWOOD LLC","\\bkofficesa.file.core.windows.net\public\IT Temp\Synergy Export\1414218691-MB INWOOD LLC","Not Found","0"
"1447899764-L P 505 WOODWARD AVE LL","\\bkofficesa.file.core.windows.net\public\IT Temp\Synergy Export\1447899764-L P 505 WOODWARD AVE LL","Not Found","0"
"1414278745-CONEY ISLAND MIDWOOD RE","\\bkofficesa.file.core.windows.net\public\IT Temp\Synergy Export\1414278745-CONEY ISLAND MIDWOOD RE","Not Found","0"
"1414256527-MERRICK ARMS, INC.","\\bkofficesa.file.core.windows.net\public\IT Temp\Synergy Export\1414256527-MERRICK ARMS, INC.","Not Found","0"
"1414221703-ISLE VERDE REALTY INC","\\bkofficesa.file.core.windows.net\public\IT Temp\Synergy Export\1414221703-ISLE VERDE REALTY INC","Not Found","0"
"1447896836-MOERS REALTY LLC","\\bkofficesa.file.core.windows.net\public\IT Temp\Synergy Export\1447896836-MOERS REALTY LLC","Not Found","0"
"1414273621-JOHN E. MCNICHOLS","\\bkofficesa.file.core.windows.net\public\IT Temp\Synergy Export\1414273621-JOHN E. MCNICHOLS","Not Found","0"
"1414271203-SING HUAN MANAGEMENT LL","\\bkofficesa.file.core.windows.net\public\IT Temp\Synergy Export\1414271203-SING HUAN MANAGEMENT LL","Not Found","0"
"1414280311-FELIKS MIDURA","\\bkofficesa.file.core.windows.net\public\IT Temp\Synergy Export\1414280311-FELIKS MIDURA","Not Found","0"
"1414221745-171 WEST 80TH LLC","\\bkofficesa.file.core.windows.net\public\IT Temp\Synergy Export\1414221745-171 WEST 80TH LLC","Not Found","0"
"1414237980-CIRO DEGREZIA","\\bkofficesa.file.core.windows.net\public\IT Temp\Synergy Export\1414237980-CIRO DEGREZIA","Not Found","0"
"1414269561-2776 BOULEVARD LLC","\\bkofficesa.file.core.windows.net\public\IT Temp\Synergy Export\1414269561-2776 BOULEVARD LLC","Not Found","0"
"1447900943-160 AMACKASSIN TERR YON","\\bkofficesa.file.core.windows.net\public\IT Temp\Synergy Export\1447900943-160 AMACKASSIN TERR YON","Not Found","0"
"1414269876-SUNSET ON 4TH LLC","\\bkofficesa.file.core.windows.net\public\IT Temp\Synergy Export\1414269876-SUNSET ON 4TH LLC","Not Found","0"
"1447894534-CONTINENTAL CAP ESTATES","\\bkofficesa.file.core.windows.net\public\IT Temp\Synergy Export\1447894534-CONTINENTAL CAP ESTATES","Not Found","0"
"1414193100-HARRISON APPARTMENT INC","\\bkofficesa.file.core.windows.net\public\IT Temp\Synergy Export\1414193100-HARRISON APPARTMENT INC","Not Found","0"
"1414275444-RIVERVIEW HOMES ASSOCIA","\\bkofficesa.file.core.windows.net\public\IT Temp\Synergy Export\1414275444-RIVERVIEW HOMES ASSOCIA","Not Found","0"
"1414192904-JOSEPH E. MIKOLAJCZYK","\\bkofficesa.file.core.windows.net\public\IT Temp\Synergy Export\1414192904-JOSEPH E. MIKOLAJCZYK","Not Found","0"
"1447896604-PROGRESSIVE HOUSING COR","\\bkofficesa.file.core.windows.net\public\IT Temp\Synergy Export\1447896604-PROGRESSIVE HOUSING COR","Not Found","0"
"1414276194-DATAR REALTY LLC","\\bkofficesa.file.core.windows.net\public\IT Temp\Synergy Export\1414276194-DATAR REALTY LLC","Not Found","0"
"1414218774-216 EAST 29TH STREET TR","\\bkofficesa.file.core.windows.net\public\IT Temp\Synergy Export\1414218774-216 EAST 29TH STREET TR","Not Found","0"
"1414255727-RIZA KASNECI","\\bkofficesa.file.core.windows.net\public\IT Temp\Synergy Export\1414255727-RIZA KASNECI","Not Found","0"
"1447896042-VELMAR PROPERTIES INC","\\bkofficesa.file.core.windows.net\public\IT Temp\Synergy Export\1447896042-VELMAR PROPERTIES INC","Not Found","0"
"1414222313-99-63 66TH AVE OWNERS I","\\bkofficesa.file.core.windows.net\public\IT Temp\Synergy Export\1414222313-99-63 66TH AVE OWNERS I","Not Found","0"
"1414270593-LIMCHI SANG","\\bkofficesa.file.core.windows.net\public\IT Temp\Synergy Export\1414270593-LIMCHI SANG","Not Found","0"
"1447895192-MAPLE HOUSE INC","\\bkofficesa.file.core.windows.net\public\IT Temp\Synergy Export\1447895192-MAPLE HOUSE INC","Not Found","0"
"1414223469-REDWOOD PROPERTIES LLC","\\bkofficesa.file.core.windows.net\public\IT Temp\Synergy Export\1414223469-REDWOOD PROPERTIES LLC","Not Found","0"
"1414182970-AHMAD S KHAN","\\bkofficesa.file.core.windows.net\public\IT Temp\Synergy Export\1414182970-AHMAD S KHAN","Not Found","0"
"1414279610-DUETTE TOWERS REALTY CO","\\bkofficesa.file.core.windows.net\public\IT Temp\Synergy Export\1414279610-DUETTE TOWERS REALTY CO","Not Found","0"
"1414182061-KAM PANG LAM","\\bkofficesa.file.core.windows.net\public\IT Temp\Synergy Export\1414182061-KAM PANG LAM","Not Found","0"
"1414201879-DANIT INC. REALTY","\\bkofficesa.file.core.windows.net\public\IT Temp\Synergy Export\1414201879-DANIT INC. REALTY","Not Found","0"
"1414263150-MONTEBELLO REAL PROPERT","\\bkofficesa.file.core.windows.net\public\IT Temp\Synergy Export\1414263150-MONTEBELLO REAL PROPERT","Not Found","0"
"1414256733-MAO HE DONG","\\bkofficesa.file.core.windows.net\public\IT Temp\Synergy Export\1414256733-MAO HE DONG","Not Found","0"
"1414256873-GEN REALTY, LLC","\\bkofficesa.file.core.windows.net\public\IT Temp\Synergy Export\1414256873-GEN REALTY, LLC","Not Found","0"
"1447900240-STANLEY PROPERTY INC","\\bkofficesa.file.core.windows.net\public\IT Temp\Synergy Export\1447900240-STANLEY PROPERTY INC","Not Found","0"
"1414258143-216 WOODWORTH AVE.  COR","\\bkofficesa.file.core.windows.net\public\IT Temp\Synergy Export\1414258143-216 WOODWORTH AVE.  COR","Not Found","0"
"1414265064-EAST FLATBUSH LLC","\\bkofficesa.file.core.windows.net\public\IT Temp\Synergy Export\1414265064-EAST FLATBUSH LLC","Not Found","0"
"1414263234-JAMES D. ORLANDO","\\bkofficesa.file.core.windows.net\public\IT Temp\Synergy Export\1414263234-JAMES D. ORLANDO","Not Found","0"
"1447901172-RIZA KASNECI","\\bkofficesa.file.core.windows.net\public\IT Temp\Synergy Export\1447901172-RIZA KASNECI","Not Found","0"
"1414258341-NICKY FAT-YUNG CHANG","\\bkofficesa.file.core.windows.net\public\IT Temp\Synergy Export\1414258341-NICKY FAT-YUNG CHANG","Not Found","0"
"1414275485-25 DEVOE REALTY LLC","\\bkofficesa.file.core.windows.net\public\IT Temp\Synergy Export\1414275485-25 DEVOE REALTY LLC","Not Found","0"
"1414265247-PETER F CARAMANICA","\\bkofficesa.file.core.windows.net\public\IT Temp\Synergy Export\1414265247-PETER F CARAMANICA","Not Found","0"
"1447898964-STOCKHOLM ST DEVELOPMEN","\\bkofficesa.file.core.windows.net\public\IT Temp\Synergy Export\1447898964-STOCKHOLM ST DEVELOPMEN","Not Found","0"
"1447894112-NIGRO M FRANK","\\bkofficesa.file.core.windows.net\public\IT Temp\Synergy Export\1447894112-NIGRO M FRANK","Not Found","0"
"1414258291-BERDELL PROPERTIES LLC","\\bkofficesa.file.core.windows.net\public\IT Temp\Synergy Export\1414258291-BERDELL PROPERTIES LLC","Not Found","0"
"1414260313-MAURICE WYNN","\\bkofficesa.file.core.windows.net\public\IT Temp\Synergy Export\1414260313-MAURICE WYNN","Not Found","0"
"1447922590-178-180 HOOPER STREET L","\\bkofficesa.file.core.windows.net\public\IT Temp\Synergy Export\1447922590-178-180 HOOPER STREET L","Not Found","0"
"1414186450-ALEXANDRA ZELEK","\\bkofficesa.file.core.windows.net\public\IT Temp\Synergy Export\1414186450-ALEXANDRA ZELEK","Not Found","0"
"1447894575-STAVROULA S HASOULAS TR","\\bkofficesa.file.core.windows.net\public\IT Temp\Synergy Export\1447894575-STAVROULA S HASOULAS TR","Not Found","0"
"1414272409-ZION CASTLE INC","\\bkofficesa.file.core.windows.net\public\IT Temp\Synergy Export\1414272409-ZION CASTLE INC","Not Found","0"
"1414265361-ASSET DEVELOPMENT OF NY","\\bkofficesa.file.core.windows.net\public\IT Temp\Synergy Export\1414265361-ASSET DEVELOPMENT OF NY","Not Found","0"
"1414185023-MAX JEANITE","\\bkofficesa.file.core.windows.net\public\IT Temp\Synergy Export\1414185023-MAX JEANITE","Not Found","0"
"1447921717-SPIN LLC","\\bkofficesa.file.core.windows.net\public\IT Temp\Synergy Export\1447921717-SPIN LLC","Not Found","0"
"1414176717-162 ORCHARD STREET, COR","\\bkofficesa.file.core.windows.net\public\IT Temp\Synergy Export\1414176717-162 ORCHARD STREET, COR","Not Found","0"
"1414262376-CHUENEE K. BOSTON","\\bkofficesa.file.core.windows.net\public\IT Temp\Synergy Export\1414262376-CHUENEE K. BOSTON","Not Found","0"
"1447894542-198 WEST 9TH STREET LLC","\\bkofficesa.file.core.windows.net\public\IT Temp\Synergy Export\1447894542-198 WEST 9TH STREET LLC","Not Found","0"
"1414246775-ELIZABETH G. CANORIO","\\bkofficesa.file.core.windows.net\public\IT Temp\Synergy Export\1414246775-ELIZABETH G. CANORIO","Not Found","0"
"1447901008-A & S REALTY LLC","\\bkofficesa.file.core.windows.net\public\IT Temp\Synergy Export\1447901008-A & S REALTY LLC","Not Found","0"
"1414264117-254 IRVING LLC","\\bkofficesa.file.core.windows.net\public\IT Temp\Synergy Export\1414264117-254 IRVING LLC","Not Found","0"
"1447893320-5610 LLC","\\bkofficesa.file.core.windows.net\public\IT Temp\Synergy Export\1447893320-5610 LLC","Not Found","0"
"1414220150-BROAD HOLLOW- BJR LLC","\\bkofficesa.file.core.windows.net\public\IT Temp\Synergy Export\1414220150-BROAD HOLLOW- BJR LLC","Not Found","0"
"1414233302-VITINA PROPERTIES INC","\\bkofficesa.file.core.windows.net\public\IT Temp\Synergy Export\1414233302-VITINA PROPERTIES INC","Not Found","0"
"1447899814-PENHAR REALTY CORP","\\bkofficesa.file.core.windows.net\public\IT Temp\Synergy Export\1447899814-PENHAR REALTY CORP","Not Found","0"
"1447916634-BUHRE REALTY CORP","\\bkofficesa.file.core.windows.net\public\IT Temp\Synergy Export\1447916634-BUHRE REALTY CORP","Not Found","0"
"1414271682-SHI & SONS LLC","\\bkofficesa.file.core.windows.net\public\IT Temp\Synergy Export\1414271682-SHI & SONS LLC","Not Found","0"
"1414278018-DARIO G ESPINAL","\\bkofficesa.file.core.windows.net\public\IT Temp\Synergy Export\1414278018-DARIO G ESPINAL","Not Found","0"
"1447920172-25 CRESCENT PROPERTY LL","\\bkofficesa.file.core.windows.net\public\IT Temp\Synergy Export\1447920172-25 CRESCENT PROPERTY LL","Not Found","0"
"1414216323-NOTARO FAMILY LTD PARTN","\\bkofficesa.file.core.windows.net\public\IT Temp\Synergy Export\1414216323-NOTARO FAMILY LTD PARTN","Not Found","0"
"1447894526-NAMLA ENTERPRISES INC","\\bkofficesa.file.core.windows.net\public\IT Temp\Synergy Export\1447894526-NAMLA ENTERPRISES INC","Not Found","0"
"1447896810-4375 MATILDA LLC","\\bkofficesa.file.core.windows.net\public\IT Temp\Synergy Export\1447896810-4375 MATILDA LLC","Not Found","0"
"1414253748-GERDY, LLC","\\bkofficesa.file.core.windows.net\public\IT Temp\Synergy Export\1414253748-GERDY, LLC","Not Found","0"
"1414276905-ANDRES SANTIAGO","\\bkofficesa.file.core.windows.net\public\IT Temp\Synergy Export\1414276905-ANDRES SANTIAGO","Not Found","0"
"1447916626-917 MANAGEMENT CORP","\\bkofficesa.file.core.windows.net\public\IT Temp\Synergy Export\1447916626-917 MANAGEMENT CORP","Not Found","0"
"1414268951-546 51ST AVENUE LLC","\\bkofficesa.file.core.windows.net\public\IT Temp\Synergy Export\1414268951-546 51ST AVENUE LLC","Not Found","0"
"1447919331-LANDING AVENUE PROPERTI","\\bkofficesa.file.core.windows.net\public\IT Temp\Synergy Export\1447919331-LANDING AVENUE PROPERTI","Not Found","0"
"1447922566-NEW NINTH AVENUE CORP","\\bkofficesa.file.core.windows.net\public\IT Temp\Synergy Export\1447922566-NEW NINTH AVENUE CORP","Not Found","0"
"1414254910-YU PO LIU","\\bkofficesa.file.core.windows.net\public\IT Temp\Synergy Export\1414254910-YU PO LIU","Not Found","0"
"1414181758-SISAO LLC","\\bkofficesa.file.core.windows.net\public\IT Temp\Synergy Export\1414181758-SISAO LLC","Not Found","0"
"1414262137-XERRI PROPERTIES LLC","\\bkofficesa.file.core.windows.net\public\IT Temp\Synergy Export\1414262137-XERRI PROPERTIES LLC","Not Found","0"
"1414270643-STEFANIDA JOVANOVIC","\\bkofficesa.file.core.windows.net\public\IT Temp\Synergy Export\1414270643-STEFANIDA JOVANOVIC","Not Found","0"
"1414274108-CHIRICO REALTY GROUP LL","\\bkofficesa.file.core.windows.net\public\IT Temp\Synergy Export\1414274108-CHIRICO REALTY GROUP LL","Not Found","0"
"1414221281-ARTHUR S YANNI","\\bkofficesa.file.core.windows.net\public\IT Temp\Synergy Export\1414221281-ARTHUR S YANNI","Not Found","0"
"1447901834-338 WEST 19TH ST INC","\\bkofficesa.file.core.windows.net\public\IT Temp\Synergy Export\1447901834-338 WEST 19TH ST INC","Not Found","0"
"1447895374-WESTMINSTER COMM CAPITA","\\bkofficesa.file.core.windows.net\public\IT Temp\Synergy Export\1447895374-WESTMINSTER COMM CAPITA","Not Found","0"
"1414197762-BENEDETTO CICILLINI","\\bkofficesa.file.core.windows.net\public\IT Temp\Synergy Export\1414197762-BENEDETTO CICILLINI","Not Found","0"
"1447919117-188-90 EIGHTH AVENUE","\\bkofficesa.file.core.windows.net\public\IT Temp\Synergy Export\1447919117-188-90 EIGHTH AVENUE","Not Found","0"
"1414192987-KUMARCHAND BHAGWANDIN","\\bkofficesa.file.core.windows.net\public\IT Temp\Synergy Export\1414192987-KUMARCHAND BHAGWANDIN","Not Found","0"
"1414269538-DJONA VUCIC","\\bkofficesa.file.core.windows.net\public\IT Temp\Synergy Export\1414269538-DJONA VUCIC","Not Found","0"
"1447895788-NOB HILL APARTMENTS INC","\\bkofficesa.file.core.windows.net\public\IT Temp\Synergy Export\1447895788-NOB HILL APARTMENTS INC","Not Found","0"
"1414258390-JOHN MIHNOVICH","\\bkofficesa.file.core.windows.net\public\IT Temp\Synergy Export\1414258390-JOHN MIHNOVICH","Not Found","0"
"1447892686-PIETRO MANNINO","\\bkofficesa.file.core.windows.net\public\IT Temp\Synergy Export\1447892686-PIETRO MANNINO","Not Found","0"
"1447919489-80 ASSOCIATES INC","\\bkofficesa.file.core.windows.net\public\IT Temp\Synergy Export\1447919489-80 ASSOCIATES INC","Not Found","0"
"1447923853-12 WEST 87TH STREET LLC","\\bkofficesa.file.core.windows.net\public\IT Temp\Synergy Export\1447923853-12 WEST 87TH STREET LLC","Not Found","0"
"1414271765-DZL REALTY CORP","\\bkofficesa.file.core.windows.net\public\IT Temp\Synergy Export\1414271765-DZL REALTY CORP","Not Found","0"
"1414256964-TRAA DEVELOPMENT LLC","\\bkofficesa.file.core.windows.net\public\IT Temp\Synergy Export\1414256964-TRAA DEVELOPMENT LLC","Not Found","0"
"1447900455-KEVIN SHARON TESSEYMAN","\\bkofficesa.file.core.windows.net\public\IT Temp\Synergy Export\1447900455-KEVIN SHARON TESSEYMAN","Not Found","0"
"1414226918-SMT REALTY CORP","\\bkofficesa.file.core.windows.net\public\IT Temp\Synergy Export\1414226918-SMT REALTY CORP","Not Found","0"
"1414253813-JOY P. CRICHLOW","\\bkofficesa.file.core.windows.net\public\IT Temp\Synergy Export\1414253813-JOY P. CRICHLOW","Not Found","0"
"1414275246-184 PROSPECT PARK W REA","\\bkofficesa.file.core.windows.net\public\IT Temp\Synergy Export\1414275246-184 PROSPECT PARK W REA","Not Found","0"
"1414277614-HEIDE, INC.","\\bkofficesa.file.core.windows.net\public\IT Temp\Synergy Export\1414277614-HEIDE, INC.","Not Found","0"
"1414218436-SHALYN REALTY CORPORATI","\\bkofficesa.file.core.windows.net\public\IT Temp\Synergy Export\1414218436-SHALYN REALTY CORPORATI","Not Found","0"
"1447898105-GLORIA ESTATES LLC","\\bkofficesa.file.core.windows.net\public\IT Temp\Synergy Export\1447898105-GLORIA ESTATES LLC","Not Found","0"
"1414275899-31-24 28TH ROAD LLC","\\bkofficesa.file.core.windows.net\public\IT Temp\Synergy Export\1414275899-31-24 28TH ROAD LLC","Not Found","0"
"1447919570-LEX 162 INC","\\bkofficesa.file.core.windows.net\public\IT Temp\Synergy Export\1447919570-LEX 162 INC","Not Found","0"
"1407049004-HAAV 575 REALTY CORP.","\\bkofficesa.file.core.windows.net\public\IT Temp\Synergy Export\1407049004-HAAV 575 REALTY CORP.","Not Found","0"
"1414270544-ANNE U FOLEY","\\bkofficesa.file.core.windows.net\public\IT Temp\Synergy Export\1414270544-ANNE U FOLEY","Not Found","0"
"1414279883-MALBA GARDENS OWNERS CO","\\bkofficesa.file.core.windows.net\public\IT Temp\Synergy Export\1414279883-MALBA GARDENS OWNERS CO","Not Found","0"
"1414280659-432 E 85TH ST HOUSING C","\\bkofficesa.file.core.windows.net\public\IT Temp\Synergy Export\1414280659-432 E 85TH ST HOUSING C","Empty","0"
"1447893197-96 SOPO OWNERS CORP","\\bkofficesa.file.core.windows.net\public\IT Temp\Synergy Export\1447893197-96 SOPO OWNERS CORP","Not Found","0"
"1447896588-260 BERGEN HOUSING CORP","\\bkofficesa.file.core.windows.net\public\IT Temp\Synergy Export\1447896588-260 BERGEN HOUSING CORP","Not Found","0"
"1447897123-418 1/2 E 9TH ST OWNERS","\\bkofficesa.file.core.windows.net\public\IT Temp\Synergy Export\1447897123-418 1\2 E 9TH ST OWNERS","Not Found","0"
"1447903202-170 PROSPECT PARK WEST","\\bkofficesa.file.core.windows.net\public\IT Temp\Synergy Export\1447903202-170 PROSPECT PARK WEST","Not Found","0"
"1447903947-412 11TH ST. OWNERS COR","\\bkofficesa.file.core.windows.net\public\IT Temp\Synergy Export\1447903947-412 11TH ST. OWNERS COR","Not Found","0"
"1447904291-44 REMSEN STREET OWNERS","\\bkofficesa.file.core.windows.net\public\IT Temp\Synergy Export\1447904291-44 REMSEN STREET OWNERS","Not Found","0"
"1447920032-C/O SLJ PROPERTY","\\bkofficesa.file.core.windows.net\public\IT Temp\Synergy Export\1447920032-C\O SLJ PROPERTY","Not Found","0"
"1447920677-COFFEY SQUARE OWNERS CO","\\bkofficesa.file.core.windows.net\public\IT Temp\Synergy Export\1447920677-COFFEY SQUARE OWNERS CO","Not Found","0"
"1447923192-RALLIS FAMILY LP","\\bkofficesa.file.core.windows.net\public\IT Temp\Synergy Export\1447923192-RALLIS FAMILY LP","Not Found","0"
"1447924463-TOWNE HOUSE WEST OWNERS","\\bkofficesa.file.core.windows.net\public\IT Temp\Synergy Export\1447924463-TOWNE HOUSE WEST OWNERS","Not Found","0"
"1447924984-470 CONVENT AVENUE H.D.","\\bkofficesa.file.core.windows.net\public\IT Temp\Synergy Export\1447924984-470 CONVENT AVENUE H.D.","Not Found","0"
"1464013539-43 WEST 85TH STREET REA","\\bkofficesa.file.core.windows.net\public\IT Temp\Synergy Export\1464013539-43 WEST 85TH STREET REA","Not Found","0"
"1407048923-81-83 RIVINGTON CORP","\\bkofficesa.file.core.windows.net\public\IT Temp\Synergy Export\1407048923-81-83 RIVINGTON CORP","Not Found","0"
"1414215721-EVITA REALTY CORPORATIO","\\bkofficesa.file.core.windows.net\public\IT Temp\Synergy Export\1414215721-EVITA REALTY CORPORATIO","Not Found","0"
"1414223089-DNC MANAGEMENT LLC","\\bkofficesa.file.core.windows.net\public\IT Temp\Synergy Export\1414223089-DNC MANAGEMENT LLC","Not Found","0"
"1414224244-113 ROCK HOTEL CORP","\\bkofficesa.file.core.windows.net\public\IT Temp\Synergy Export\1414224244-113 ROCK HOTEL CORP","Not Found","0"
"1414225936-150 LIGHTHOUSE CORP","\\bkofficesa.file.core.windows.net\public\IT Temp\Synergy Export\1414225936-150 LIGHTHOUSE CORP","Not Found","0"
"1464016441-TAUBER&TAUBER LLC","\\bkofficesa.file.core.windows.net\public\IT Temp\Synergy Export\1464016441-TAUBER&TAUBER LLC","Not Found","0"
"1447903749-459-461 12TH ST HOUSING","\\bkofficesa.file.core.windows.net\public\IT Temp\Synergy Export\1447903749-459-461 12TH ST HOUSING","Not Found","0"
"1414275790-GARVIN-HOFFER L.L.C.","\\bkofficesa.file.core.windows.net\public\IT Temp\Synergy Export\1414275790-GARVIN-HOFFER L.L.C.","Not Found","0"
"1447892520-LTS REALTY INC","\\bkofficesa.file.core.windows.net\public\IT Temp\Synergy Export\1447892520-LTS REALTY INC","Not Found","0"
"1447897560-65 MIDDAGH ST TENANTS C","\\bkofficesa.file.core.windows.net\public\IT Temp\Synergy Export\1447897560-65 MIDDAGH ST TENANTS C","Not Found","0"
"1447904010-40 REMSEN STREET OWNERS","\\bkofficesa.file.core.windows.net\public\IT Temp\Synergy Export\1447904010-40 REMSEN STREET OWNERS","Not Found","0"
"1447917384-760 GRAND CONCOURSE COR","\\bkofficesa.file.core.windows.net\public\IT Temp\Synergy Export\1447917384-760 GRAND CONCOURSE COR","Not Found","0"
"1447918374-197TH ST APARTMENTS LLC","\\bkofficesa.file.core.windows.net\public\IT Temp\Synergy Export\1447918374-197TH ST APARTMENTS LLC","Not Found","0"
"1447924844-101 CARPENTER AVE OWNER","\\bkofficesa.file.core.windows.net\public\IT Temp\Synergy Export\1447924844-101 CARPENTER AVE OWNER","Not Found","0"
"1464013513-220 EAST 74TH STREET RE","\\bkofficesa.file.core.windows.net\public\IT Temp\Synergy Export\1464013513-220 EAST 74TH STREET RE","Not Found","0"
"1447896406-HARRY MARY BROWN LLC","\\bkofficesa.file.core.windows.net\public\IT Temp\Synergy Export\1447896406-HARRY MARY BROWN LLC","Not Found","0"
"1414214559-39-23 REALTY LLC","\\bkofficesa.file.core.windows.net\public\IT Temp\Synergy Export\1414214559-39-23 REALTY LLC","Not Found","0"
"1447903020-1717 LINDEN ACQUISITION","\\bkofficesa.file.core.windows.net\public\IT Temp\Synergy Export\1447903020-1717 LINDEN ACQUISITION","Not Found","0"
"1447921824-200 GRAMATAN PARTNERS L","\\bkofficesa.file.core.windows.net\public\IT Temp\Synergy Export\1447921824-200 GRAMATAN PARTNERS L","Not Found","0"
"1447920941-ALBARELLI HACKENSACK AS","\\bkofficesa.file.core.windows.net\public\IT Temp\Synergy Export\1447920941-ALBARELLI HACKENSACK AS","Empty","0"
"1447916725-1872 MONROE REALTY LLC","\\bkofficesa.file.core.windows.net\public\IT Temp\Synergy Export\1447916725-1872 MONROE REALTY LLC","Empty","0"
"1414225712-M & N MANAGEMENT CORP","\\bkofficesa.file.core.windows.net\public\IT Temp\Synergy Export\1414225712-M & N MANAGEMENT CORP","Empty","0"
"1447921287-204 LLC","\\bkofficesa.file.core.windows.net\public\IT Temp\Synergy Export\1447921287-204 LLC","Empty","0"
"1447921311-223 EAST 50 CORP","\\bkofficesa.file.core.windows.net\public\IT Temp\Synergy Export\1447921311-223 EAST 50 CORP","Empty","0"
"1447922392-RIZARO 18TH AVENUE LLC","\\bkofficesa.file.core.windows.net\public\IT Temp\Synergy Export\1447922392-RIZARO 18TH AVENUE LLC","Empty","0"
"1447892967-DOMINGO RAFAEL LOPEZ","\\bkofficesa.file.core.windows.net\public\IT Temp\Synergy Export\1447892967-DOMINGO RAFAEL LOPEZ","Empty","0"
"1447891613-POST 168 LLC","\\bkofficesa.file.core.windows.net\public\IT Temp\Synergy Export\1447891613-POST 168 LLC","Empty","0"
"1447900836-UNITED REALTY QUEENS BL","\\bkofficesa.file.core.windows.net\public\IT Temp\Synergy Export\1447900836-UNITED REALTY QUEENS BL","Empty","0"
"1414263267-97-17 38TH AVE REALTY L","\\bkofficesa.file.core.windows.net\public\IT Temp\Synergy Export\1414263267-97-17 38TH AVE REALTY L","Empty","0"
"1414222396-FREDERICK DOUGLAS MANAG","\\bkofficesa.file.core.windows.net\public\IT Temp\Synergy Export\1414222396-FREDERICK DOUGLAS MANAG","Empty","0"
"1447919596-MALCOLM X APARTMENTS IN","\\bkofficesa.file.core.windows.net\public\IT Temp\Synergy Export\1447919596-MALCOLM X APARTMENTS IN","Empty","0"
"1447916535-1469 LEXINGTON AVE REAL","\\bkofficesa.file.core.windows.net\public\IT Temp\Synergy Export\1447916535-1469 LEXINGTON AVE REAL","Not Found","0"
"1447900083-194 COURT ST LLC","\\bkofficesa.file.core.windows.net\public\IT Temp\Synergy Export\1447900083-194 COURT ST LLC","Not Found","0"
"1447900109-198 COURT LLC","\\bkofficesa.file.core.windows.net\public\IT Temp\Synergy Export\1447900109-198 COURT LLC","Not Found","0"
"1447893460-167 PARK PLACE OWNERS C","\\bkofficesa.file.core.windows.net\public\IT Temp\Synergy Export\1447893460-167 PARK PLACE OWNERS C","Not Found","0"
"1447918341-ST NICHOLAS PLACE LLC","\\bkofficesa.file.core.windows.net\public\IT Temp\Synergy Export\1447918341-ST NICHOLAS PLACE LLC","Not Found","0"
"1464013521-208 WEST 80TH ST LLC","\\bkofficesa.file.core.windows.net\public\IT Temp\Synergy Export\1464013521-208 WEST 80TH ST LLC","Not Found","0"
"1464016482-TTG REALTY LLC","\\bkofficesa.file.core.windows.net\public\IT Temp\Synergy Export\1464016482-TTG REALTY LLC","Not Found","0"
"1414187052-TRICOM REALTY CORP.","\\bkofficesa.file.core.windows.net\public\IT Temp\Synergy Export\1414187052-TRICOM REALTY CORP.","Not Found","0"
"1414242329-HANAN REALTY LLC","\\bkofficesa.file.core.windows.net\public\IT Temp\Synergy Export\1414242329-HANAN REALTY LLC","Not Found","0"
"1414254076-GIUSEPPE RIZZI","\\bkofficesa.file.core.windows.net\public\IT Temp\Synergy Export\1414254076-GIUSEPPE RIZZI","Not Found","0"
"1414259448-XIAN PING JIN","\\bkofficesa.file.core.windows.net\public\IT Temp\Synergy Export\1414259448-XIAN PING JIN","Not Found","0"
"1414265478-ROUSTIKA PROPERTIES COR","\\bkofficesa.file.core.windows.net\public\IT Temp\Synergy Export\1414265478-ROUSTIKA PROPERTIES COR","Not Found","0"
"1414266294-REZIKA TURUK","\\bkofficesa.file.core.windows.net\public\IT Temp\Synergy Export\1414266294-REZIKA TURUK","Not Found","0"
"1414280873-6925 SHORE ROAD INC","\\bkofficesa.file.core.windows.net\public\IT Temp\Synergy Export\1414280873-6925 SHORE ROAD INC","Not Found","0"
"1414180602-MARK XENAKIS","\\bkofficesa.file.core.windows.net\public\IT Temp\Synergy Export\1414180602-MARK XENAKIS","Not Found","0"
"1414196764-AGNES YAN","\\bkofficesa.file.core.windows.net\public\IT Temp\Synergy Export\1414196764-AGNES YAN","Not Found","0"
"1414215879-682 SACKETT ASSOCIATES","\\bkofficesa.file.core.windows.net\public\IT Temp\Synergy Export\1414215879-682 SACKETT ASSOCIATES","Not Found","0"
"1414216315-R & J REALTY CORP.","\\bkofficesa.file.core.windows.net\public\IT Temp\Synergy Export\1414216315-R & J REALTY CORP.","Not Found","0"
"1414217388-MARLAKE COMPANY LLC","\\bkofficesa.file.core.windows.net\public\IT Temp\Synergy Export\1414217388-MARLAKE COMPANY LLC","Not Found","0"
"1414220010-HLJ OF NY INC","\\bkofficesa.file.core.windows.net\public\IT Temp\Synergy Export\1414220010-HLJ OF NY INC","Not Found","0"
"1414234292-633 WILLOW STREET LLC","\\bkofficesa.file.core.windows.net\public\IT Temp\Synergy Export\1414234292-633 WILLOW STREET LLC","Not Found","0"
"1414244796-RAY F. FIORENTINO","\\bkofficesa.file.core.windows.net\public\IT Temp\Synergy Export\1414244796-RAY F. FIORENTINO","Not Found","0"
"1414256535-FULTON GROUP LLC","\\bkofficesa.file.core.windows.net\public\IT Temp\Synergy Export\1414256535-FULTON GROUP LLC","Not Found","0"
"1414257251-FRANK J LOUGHRAN","\\bkofficesa.file.core.windows.net\public\IT Temp\Synergy Export\1414257251-FRANK J LOUGHRAN","Not Found","0"
"1414258192-VENTURA ACEVEDO","\\bkofficesa.file.core.windows.net\public\IT Temp\Synergy Export\1414258192-VENTURA ACEVEDO","Not Found","0"
"1414260180-SILVER SPOON REALTY, CO","\\bkofficesa.file.core.windows.net\public\IT Temp\Synergy Export\1414260180-SILVER SPOON REALTY, CO","Not Found","0"
"1414261402-MUCHMORE  PARTNERS L.P.","\\bkofficesa.file.core.windows.net\public\IT Temp\Synergy Export\1414261402-MUCHMORE  PARTNERS L.P.","Not Found","0"
"1414264141-KEVIN PADGETT","\\bkofficesa.file.core.windows.net\public\IT Temp\Synergy Export\1414264141-KEVIN PADGETT","Not Found","0"
"1414264992-YIM WAH NGAI","\\bkofficesa.file.core.windows.net\public\IT Temp\Synergy Export\1414264992-YIM WAH NGAI","Not Found","0"
"1414267953-VINCE J RICCI","\\bkofficesa.file.core.windows.net\public\IT Temp\Synergy Export\1414267953-VINCE J RICCI","Not Found","0"
"1414271534-ZAHARAKOS ASSOCIATES","\\bkofficesa.file.core.windows.net\public\IT Temp\Synergy Export\1414271534-ZAHARAKOS ASSOCIATES","Not Found","0"
"1414271955-393 2ND AVE REALTY CORP","\\bkofficesa.file.core.windows.net\public\IT Temp\Synergy Export\1414271955-393 2ND AVE REALTY CORP","Not Found","0"
"1414273217-ROGER DUBOIS","\\bkofficesa.file.core.windows.net\public\IT Temp\Synergy Export\1414273217-ROGER DUBOIS","Not Found","0"
"1414274231-LEONARDO TODISCO","\\bkofficesa.file.core.windows.net\public\IT Temp\Synergy Export\1414274231-LEONARDO TODISCO","Not Found","0"
"1414280196-321 W. 51 ST CORP.","\\bkofficesa.file.core.windows.net\public\IT Temp\Synergy Export\1414280196-321 W. 51 ST CORP.","Not Found","0"
"1447891621-VINCENZO SALVO","\\bkofficesa.file.core.windows.net\public\IT Temp\Synergy Export\1447891621-VINCENZO SALVO","Not Found","0"
"1447891936-23 MIDBLOCK TENANTS COR","\\bkofficesa.file.core.windows.net\public\IT Temp\Synergy Export\1447891936-23 MIDBLOCK TENANTS COR","Not Found","0"
"1447891951-59 MONTGOMERY BROWNSTON","\\bkofficesa.file.core.windows.net\public\IT Temp\Synergy Export\1447891951-59 MONTGOMERY BROWNSTON","Not Found","0"
"1447892041-EMILIO GUERRA","\\bkofficesa.file.core.windows.net\public\IT Temp\Synergy Export\1447892041-EMILIO GUERRA","Not Found","0"
"1447893122-SMR COSTER LLC","\\bkofficesa.file.core.windows.net\public\IT Temp\Synergy Export\1447893122-SMR COSTER LLC","Not Found","0"
"1447893130-BROOKLYN 92 LLC","\\bkofficesa.file.core.windows.net\public\IT Temp\Synergy Export\1447893130-BROOKLYN 92 LLC","Not Found","0"
"1447893213-53 MONTGOMERY PLACE HOU","\\bkofficesa.file.core.windows.net\public\IT Temp\Synergy Export\1447893213-53 MONTGOMERY PLACE HOU","Not Found","0"
"1447893502-340 WEST END AVE LLC","\\bkofficesa.file.core.windows.net\public\IT Temp\Synergy Export\1447893502-340 WEST END AVE LLC","Not Found","0"
"1447893577-310 GARFIELD CORP","\\bkofficesa.file.core.windows.net\public\IT Temp\Synergy Export\1447893577-310 GARFIELD CORP","Not Found","0"
"1447894211-1820 CLINTON PARTNERS L","\\bkofficesa.file.core.windows.net\public\IT Temp\Synergy Export\1447894211-1820 CLINTON PARTNERS L","Not Found","0"
"1447894955-SUNNY GOD LLC","\\bkofficesa.file.core.windows.net\public\IT Temp\Synergy Export\1447894955-SUNNY GOD LLC","Not Found","0"
"1447895259-601 WEST 136 STREET HOU","\\bkofficesa.file.core.windows.net\public\IT Temp\Synergy Export\1447895259-601 WEST 136 STREET HOU","Not Found","0"
"1447895564-262 BERGEN HOUSING CORP","\\bkofficesa.file.core.windows.net\public\IT Temp\Synergy Export\1447895564-262 BERGEN HOUSING CORP","Not Found","0"
"1447896968-SNOWDON HOUSING CORP","\\bkofficesa.file.core.windows.net\public\IT Temp\Synergy Export\1447896968-SNOWDON HOUSING CORP","Not Found","0"
"1447898212-213 E 71ST ST APARTMENT","\\bkofficesa.file.core.windows.net\public\IT Temp\Synergy Export\1447898212-213 E 71ST ST APARTMENT","Not Found","0"
"1447898295-137-23RD ST JACKSON HEI","\\bkofficesa.file.core.windows.net\public\IT Temp\Synergy Export\1447898295-137-23RD ST JACKSON HEI","Not Found","0"
"1447898386-922 8TH AVE OWNERS CORP","\\bkofficesa.file.core.windows.net\public\IT Temp\Synergy Export\1447898386-922 8TH AVE OWNERS CORP","Not Found","0"
"1447899210-425 LINCOLN HOUSING COR","\\bkofficesa.file.core.windows.net\public\IT Temp\Synergy Export\1447899210-425 LINCOLN HOUSING COR","Not Found","0"
"1447899319-358 EASTERN HOUSING COR","\\bkofficesa.file.core.windows.net\public\IT Temp\Synergy Export\1447899319-358 EASTERN HOUSING COR","Not Found","0"
"1447899582-351-353 TENANTS CORP","\\bkofficesa.file.core.windows.net\public\IT Temp\Synergy Export\1447899582-351-353 TENANTS CORP","Not Found","0"
"1447900000-119 PACIFIC TENANTS COR","\\bkofficesa.file.core.windows.net\public\IT Temp\Synergy Export\1447900000-119 PACIFIC TENANTS COR","Not Found","0"
"1447900091-196 COURT ST LLC","\\bkofficesa.file.core.windows.net\public\IT Temp\Synergy Export\1447900091-196 COURT ST LLC","Not Found","0"
"1447900737-GR EAGLE LLC","\\bkofficesa.file.core.windows.net\public\IT Temp\Synergy Export\1447900737-GR EAGLE LLC","Not Found","0"
"1447901255-1974-76 LAFONTAINE AVE","\\bkofficesa.file.core.windows.net\public\IT Temp\Synergy Export\1447901255-1974-76 LAFONTAINE AVE","Not Found","0"
"1447903616-97 CROSBY STREET TENANT","\\bkofficesa.file.core.windows.net\public\IT Temp\Synergy Export\1447903616-97 CROSBY STREET TENANT","Not Found","0"
"1447903624-MID-CARROLL CORP.","\\bkofficesa.file.core.windows.net\public\IT Temp\Synergy Export\1447903624-MID-CARROLL CORP.","Not Found","0"
"1447918333-480 CONVENT LLC","\\bkofficesa.file.core.windows.net\public\IT Temp\Synergy Export\1447918333-480 CONVENT LLC","Not Found","0"
"1447918390-225TH ST OPERATING CORP","\\bkofficesa.file.core.windows.net\public\IT Temp\Synergy Export\1447918390-225TH ST OPERATING CORP","Not Found","0"
"1447918408-AMBASSADOR APARTMENTS I","\\bkofficesa.file.core.windows.net\public\IT Temp\Synergy Export\1447918408-AMBASSADOR APARTMENTS I","Not Found","0"
"1447919737-MAXTOR REALTY CORP","\\bkofficesa.file.core.windows.net\public\IT Temp\Synergy Export\1447919737-MAXTOR REALTY CORP","Not Found","0"
"1447921568-ROCKAWAY REVIVAL INC","\\bkofficesa.file.core.windows.net\public\IT Temp\Synergy Export\1447921568-ROCKAWAY REVIVAL INC","Not Found","0"
"1447923697-75-10 BOULEVARD OWNERS","\\bkofficesa.file.core.windows.net\public\IT Temp\Synergy Export\1447923697-75-10 BOULEVARD OWNERS","Not Found","0"
"1447924422-7 E NINTH ST APT CORP","\\bkofficesa.file.core.windows.net\public\IT Temp\Synergy Export\1447924422-7 E NINTH ST APT CORP","Not Found","0"
"1447895309-6812 BERGENLINE AVE LLC","\\bkofficesa.file.core.windows.net\public\IT Temp\Synergy Export\1447895309-6812 BERGENLINE AVE LLC","Not Found","0"
"1447895002-J J DREAM HOME LLC","\\bkofficesa.file.core.windows.net\public\IT Temp\Synergy Export\1447895002-J J DREAM HOME LLC","Not Found","0"
"1414263762-Q & G MANAGEMENT LLC","\\bkofficesa.file.core.windows.net\public\IT Temp\Synergy Export\1414263762-Q & G MANAGEMENT LLC","Not Found","0"
"1447892785-1719 GREENE LLC","\\bkofficesa.file.core.windows.net\public\IT Temp\Synergy Export\1447892785-1719 GREENE LLC","Not Found","0"
"1414263440-ELPA LLC","\\bkofficesa.file.core.windows.net\public\IT Temp\Synergy Export\1414263440-ELPA LLC","Not Found","0"
"1447919620-1165 MORRIS TOWERS LLC","\\bkofficesa.file.core.windows.net\public\IT Temp\Synergy Export\1447919620-1165 MORRIS TOWERS LLC","Not Found","0"
"1447920925-LOFTS ON OCEAN LLC","\\bkofficesa.file.core.windows.net\public\IT Temp\Synergy Export\1447920925-LOFTS ON OCEAN LLC","Not Found","0"
"1414261980-ABA II, LLC","\\bkofficesa.file.core.windows.net\public\IT Temp\Synergy Export\1414261980-ABA II, LLC","Not Found","0"
"1447920479-139-149 NASSAU BLVD LLC","\\bkofficesa.file.core.windows.net\public\IT Temp\Synergy Export\1447920479-139-149 NASSAU BLVD LLC","Not Found","0"
"1414273092-404 TENANTS CORP","\\bkofficesa.file.core.windows.net\public\IT Temp\Synergy Export\1414273092-404 TENANTS CORP","Not Found","0"
"1414254555-LAM KA LLC","\\bkofficesa.file.core.windows.net\public\IT Temp\Synergy Export\1414254555-LAM KA LLC","Not Found","0"
"1414275758-TAI YANG","\\bkofficesa.file.core.windows.net\public\IT Temp\Synergy Export\1414275758-TAI YANG","Not Found","0"
